index,url,sentence_count,raw_attack_id_count,expected_count,predicted_count,tp,fp,fn,precision,recall,f1,matches,missing,extra,expected,predicted_ids,predicted_names
0,https://www.cisa.gov/news-events/cybersecurity-advisories/aa24-060a,190,45,35,35,15,20,20,0.428571,0.428571,0.428571,T1003;T1027;T1048;T1059;T1071;T1083;T1106;T1140;T1218;T1219;T1490;T1547;T1560;T1562;T1567,T1001;T1047;T1055;T1057;T1078;T1082;T1087;T1105;T1110;T1133;T1134;T1204;T1486;T1555;T1566;T1585;T1588;T1593;T1595;T1598,T1018;T1020;T1021;T1029;T1104;T1119;T1136;T1201;T1205;T1213;T1482;T1528;T1531;T1542;T1548;T1553;T1586;T1587;T1591;T1622,T1001;T1003;T1027;T1047;T1048;T1055;T1057;T1059;T1071;T1078;T1082;T1083;T1087;T1105;T1106;T1110;T1133;T1134;T1140;T1204;T1218;T1219;T1486;T1490;T1547;T1555;T1560;T1562;T1566;T1567;T1585;T1588;T1593;T1595;T1598,T1213;T1587;T1586;T1104;T1119;T1140;T1021;T1059;T1218;T1622;T1562;T1547;T1106;T1083;T1003;T1020;T1048;T1567;T1560;T1201;T1027;T1071;T1542;T1490;T1531;T1528;T1018;T1482;T1136;T1548;T1205;T1219;T1591;T1029;T1553,Data from Information Repositories;Develop Capabilities;Compromise Accounts;Multi-Stage Channels;Automated Collection;Deobfuscate/Decode Files or Information;Remote Services;Command and Scripting Interpreter;System Binary Proxy Execution;Debugger Evasion;Impair Defenses;Boot or Logon Autostart Execution;Native API;File and Directory Discovery;OS Credential Dumping;Automated Exfiltration;Exfiltration Over Alternative Protocol;Exfiltration Over Web Service;Archive Collected Data;Password Policy Discovery;Obfuscated Files or Information;Application Layer Protocol;Pre-OS Boot;Inhibit System Recovery;Account Access Removal;Steal Application Access Token;Remote System Discovery;Domain Trust Discovery;Create Account;Abuse Elevation Control Mechanism;Traffic Signaling;Remote Access Software;Gather Victim Org Information;Scheduled Transfer;Subvert Trust Controls
1,https://www.cisa.gov/news-events/cybersecurity-advisories/aa24-057a,85,6,6,18,2,16,4,0.111111,0.333333,0.166667,T1090;T1528,T1078;T1098;T1110;T1621,T1014;T1087;T1119;T1120;T1136;T1526;T1531;T1535;T1550;T1553;T1565;T1578;T1587;T1588;T1602;T1613,T1078;T1090;T1098;T1110;T1528;T1621,T1578;T1587;T1553;T1535;T1119;T1526;T1602;T1087;T1136;T1550;T1528;T1588;T1090;T1014;T1531;T1120;T1613;T1565,Modify Cloud Compute Infrastructure;Develop Capabilities;Subvert Trust Controls;Unused/Unsupported Cloud Regions;Automated Collection;Cloud Service Discovery;Data from Configuration Repository;Account Discovery;Create Account;Use Alternate Authentication Material;Steal Application Access Token;Obtain Capabilities;Proxy;Rootkit;Account Access Removal;Peripheral Device Discovery;Container and Resource Discovery;Data Manipulation
2,https://www.cisa.gov/news-events/cybersecurity-advisories/aa24-046a,154,14,11,21,5,16,6,0.238095,0.454545,0.3125,T1078;T1083;T1087;T1213;T1482,T1018;T1021;T1046;T1133;T1552;T1589,T1069;T1098;T1119;T1134;T1190;T1498;T1531;T1548;T1550;T1557;T1565;T1587;T1597;T1610;T1613;T1648,T1018;T1021;T1046;T1078;T1083;T1087;T1133;T1213;T1482;T1552;T1589,T1531;T1078;T1087;T1119;T1587;T1597;T1565;T1098;T1610;T1083;T1498;T1213;T1550;T1613;T1069;T1190;T1557;T1548;T1648;T1482;T1134,Account Access Removal;Valid Accounts;Account Discovery;Automated Collection;Develop Capabilities;Search Closed Sources;Data Manipulation;Account Manipulation;Deploy Container;File and Directory Discovery;Network Denial of Service;Data from Information Repositories;Use Alternate Authentication Material;Container and Resource Discovery;Permission Groups Discovery;Exploit Public-Facing Application;Adversary-in-the-Middle;Abuse Elevation Control Mechanism;Serverless Execution;Domain Trust Discovery;Access Token Manipulation
3,https://www.cisa.gov/news-events/cybersecurity-advisories/aa24-038a,501,75,52,63,26,37,26,0.412698,0.5,0.452174,T1003;T1007;T1016;T1021;T1027;T1033;T1036;T1047;T1057;T1059;T1069;T1070;T1078;T1083;T1087;T1090;T1112;T1190;T1550;T1552;T1555;T1560;T1584;T1587;T1588;T1591,T1006;T1010;T1012;T1046;T1048;T1068;T1074;T1082;T1105;T1110;T1113;T1120;T1124;T1133;T1217;T1218;T1518;T1563;T1573;T1583;T1589;T1590;T1592;T1593;T1594;T1614,T1018;T1020;T1049;T1056;T1095;T1114;T1119;T1129;T1140;T1176;T1195;T1199;T1204;T1213;T1219;T1482;T1490;T1498;T1528;T1531;T1535;T1538;T1548;T1553;T1554;T1558;T1565;T1568;T1571;T1578;T1580;T1597;T1602;T1612;T1613;T1615;T1622,T1003;T1006;T1007;T1010;T1012;T1016;T1021;T1027;T1033;T1036;T1046;T1047;T1048;T1057;T1059;T1068;T1069;T1070;T1074;T1078;T1082;T1083;T1087;T1090;T1105;T1110;T1112;T1113;T1120;T1124;T1133;T1190;T1217;T1218;T1518;T1550;T1552;T1555;T1560;T1563;T1573;T1583;T1584;T1587;T1588;T1589;T1590;T1591;T1592;T1593;T1594;T1614,T1213;T1553;T1587;T1565;T1199;T1204;T1119;T1027;T1057;T1049;T1087;T1552;T1078;T1069;T1003;T1070;T1602;T1591;T1090;T1584;T1498;T1190;T1571;T1568;T1059;T1588;T1036;T1622;T1095;T1490;T1018;T1033;T1083;T1482;T1056;T1007;T1555;T1020;T1021;T1535;T1578;T1550;T1597;T1047;T1560;T1554;T1140;T1112;T1016;T1176;T1129;T1531;T1558;T1613;T1612;T1538;T1528;T1615;T1548;T1580;T1219;T1114;T1195,Data from Information Repositories;Subvert Trust Controls;Develop Capabilities;Data Manipulation;Trusted Relationship;User Execution;Automated Collection;Obfuscated Files or Information;Process Discovery;System Network Connections Discovery;Account Discovery;Unsecured Credentials;Valid Accounts;Permission Groups Discovery;OS Credential Dumping;Indicator Removal on Host;Data from Configuration Repository;Gather Victim Org Information;Proxy;Compromise Infrastructure;Network Denial of Service;Exploit Public-Facing Application;Non-Standard Port;Dynamic Resolution;Command and Scripting Interpreter;Obtain Capabilities;Masquerading;Debugger Evasion;Non-Application Layer Protocol;Inhibit System Recovery;Remote System Discovery;System Owner/User Discovery;File and Directory Discovery;Domain Trust Discovery;Input Capture;System Service Discovery;Credentials from Password Stores;Automated Exfiltration;Remote Services;Unused/Unsupported Cloud Regions;Modify Cloud Compute Infrastructure;Use Alternate Authentication Material;Search Closed Sources;Windows Management Instrumentation;Archive Collected Data;Compromise Client Software Binary;Deobfuscate/Decode Files or Information;Modify Registry;System Network Configuration Discovery;Browser Extensions;Shared Modules;Account Access Removal;Steal or Forge Kerberos Tickets;Container and Resource Discovery;Build Image on Host;Cloud Service Dashboard;Steal Application Access Token;Group Policy Discovery;Abuse Elevation Control Mechanism;Cloud Infrastructure Discovery;Remote Access Software;Email Collection;Supply Chain Compromise
4,https://www.cisa.gov/news-events/cybersecurity-advisories/aa24-016a,272,16,13,33,6,27,7,0.181818,0.461538,0.26087,T1027;T1046;T1059;T1083;T1114;T1583,T1078;T1105;T1136;T1190;T1505;T1552;T1595,T1003;T1030;T1036;T1037;T1041;T1053;T1071;T1082;T1090;T1102;T1106;T1119;T1129;T1140;T1195;T1213;T1216;T1218;T1219;T1530;T1553;T1564;T1571;T1573;T1587;T1593;T1594,T1027;T1046;T1059;T1078;T1083;T1105;T1114;T1136;T1190;T1505;T1552;T1583;T1595,T1213;T1587;T1119;T1027;T1593;T1071;T1573;T1594;T1046;T1083;T1530;T1583;T1030;T1140;T1082;T1216;T1003;T1037;T1106;T1053;T1059;T1129;T1036;T1102;T1564;T1041;T1090;T1114;T1219;T1218;T1571;T1195;T1553,Data from Information Repositories;Develop Capabilities;Automated Collection;Obfuscated Files or Information;Search Open Websites/Domains;Application Layer Protocol;Encrypted Channel;Search Victim-Owned Websites;Network Service Discovery;File and Directory Discovery;Data from Cloud Storage Object;Acquire Infrastructure;Data Transfer Size Limits;Deobfuscate/Decode Files or Information;System Information Discovery;System Script Proxy Execution;OS Credential Dumping;Boot or Logon Initialization Scripts;Native API;Scheduled Task/Job;Command and Scripting Interpreter;Shared Modules;Masquerading;Web Service;Hide Artifacts;Exfiltration Over C2 Channel;Proxy;Email Collection;Remote Access Software;System Binary Proxy Execution;Non-Standard Port;Supply Chain Compromise;Subvert Trust Controls
5,https://www.cisa.gov/news-events/cybersecurity-advisories/aa23-353a,123,5,5,20,2,18,3,0.1,0.4,0.16,T1586;T1598,T1555;T1557;T1558,T1020;T1048;T1070;T1102;T1119;T1185;T1213;T1482;T1498;T1518;T1528;T1531;T1550;T1553;T1562;T1566;T1587;T1588,T1555;T1557;T1558;T1586;T1598,T1587;T1528;T1482;T1531;T1586;T1119;T1566;T1588;T1550;T1102;T1185;T1518;T1562;T1020;T1048;T1070;T1598;T1498;T1213;T1553,Develop Capabilities;Steal Application Access Token;Domain Trust Discovery;Account Access Removal;Compromise Accounts;Automated Collection;Phishing;Obtain Capabilities;Use Alternate Authentication Material;Web Service;Browser Session Hijacking;Software Discovery;Impair Defenses;Automated Exfiltration;Exfiltration Over Alternative Protocol;Indicator Removal on Host;Phishing for Information;Network Denial of Service;Data from Information Repositories;Subvert Trust Controls
6,https://www.cisa.gov/news-events/cybersecurity-advisories/aa23-352a,141,17,15,21,3,18,12,0.142857,0.2,0.166667,T1070;T1190;T1570,T1003;T1016;T1048;T1059;T1078;T1133;T1484;T1486;T1518;T1552;T1560;T1562,T1018;T1020;T1021;T1027;T1029;T1030;T1104;T1119;T1136;T1203;T1213;T1498;T1531;T1548;T1566;T1586;T1587;T1588,T1003;T1016;T1048;T1059;T1070;T1078;T1133;T1190;T1484;T1486;T1518;T1552;T1560;T1562;T1570,T1213;T1531;T1587;T1586;T1119;T1566;T1027;T1203;T1588;T1018;T1070;T1020;T1030;T1104;T1570;T1136;T1548;T1498;T1021;T1190;T1029,Data from Information Repositories;Account Access Removal;Develop Capabilities;Compromise Accounts;Automated Collection;Phishing;Obfuscated Files or Information;Exploitation for Client Execution;Obtain Capabilities;Remote System Discovery;Indicator Removal on Host;Automated Exfiltration;Data Transfer Size Limits;Multi-Stage Channels;Lateral Tool Transfer;Create Account;Abuse Elevation Control Mechanism;Network Denial of Service;Remote Services;Exploit Public-Facing Application;Scheduled Transfer
7,https://www.cisa.gov/news-events/cybersecurity-advisories/aa23-349a,217,28,19,34,9,25,10,0.264706,0.473684,0.339623,T1003;T1021;T1039;T1078;T1087;T1550;T1557;T1558;T1649,T1040;T1046;T1059;T1080;T1110;T1133;T1187;T1210;T1529;T1595,T1007;T1018;T1027;T1049;T1068;T1069;T1114;T1119;T1199;T1213;T1221;T1505;T1528;T1531;T1535;T1553;T1555;T1568;T1584;T1587;T1591;T1597;T1608;T1610;T1621,T1003;T1021;T1039;T1040;T1046;T1059;T1078;T1080;T1087;T1110;T1133;T1187;T1210;T1529;T1550;T1557;T1558;T1595;T1649,T1531;T1608;T1587;T1119;T1591;T1114;T1069;T1568;T1007;T1049;T1597;T1027;T1535;T1550;T1078;T1199;T1557;T1021;T1003;T1087;T1558;T1068;T1039;T1221;T1649;T1018;T1621;T1505;T1555;T1610;T1553;T1584;T1213;T1528,Account Access Removal;Stage Capabilities;Develop Capabilities;Automated Collection;Gather Victim Org Information;Email Collection;Permission Groups Discovery;Dynamic Resolution;System Service Discovery;System Network Connections Discovery;Search Closed Sources;Obfuscated Files or Information;Unused/Unsupported Cloud Regions;Use Alternate Authentication Material;Valid Accounts;Trusted Relationship;Adversary-in-the-Middle;Remote Services;OS Credential Dumping;Account Discovery;Steal or Forge Kerberos Tickets;Exploitation for Privilege Escalation;Data from Network Shared Drive;Template Injection;Steal or Forge Authentication Certificates;Remote System Discovery;Multi-Factor Authentication Request Generation;Server Software Component;Credentials from Password Stores;Deploy Container;Subvert Trust Controls;Compromise Infrastructure;Data from Information Repositories;Steal Application Access Token
8,https://www.cisa.gov/news-events/cybersecurity-advisories/aa23-347a,302,35,30,47,14,33,16,0.297872,0.466667,0.363636,T1003;T1020;T1027;T1033;T1047;T1049;T1053;T1057;T1059;T1190;T1505;T1547;T1562;T1564,T1036;T1041;T1046;T1055;T1068;T1098;T1203;T1210;T1555;T1558;T1567;T1568;T1572;T1574;T1590;T1592,T1001;T1005;T1008;T1012;T1016;T1018;T1021;T1069;T1070;T1071;T1082;T1083;T1087;T1102;T1106;T1112;T1119;T1140;T1218;T1480;T1482;T1518;T1531;T1535;T1550;T1553;T1560;T1570;T1573;T1580;T1587;T1588;T1648,T1003;T1020;T1027;T1033;T1036;T1041;T1046;T1047;T1049;T1053;T1055;T1057;T1059;T1068;T1098;T1190;T1203;T1210;T1505;T1547;T1555;T1558;T1562;T1564;T1567;T1568;T1572;T1574;T1590;T1592,T1587;T1119;T1190;T1140;T1570;T1049;T1033;T1057;T1012;T1020;T1083;T1112;T1505;T1005;T1218;T1562;T1480;T1564;T1008;T1001;T1547;T1003;T1053;T1027;T1070;T1059;T1069;T1016;T1087;T1648;T1573;T1047;T1082;T1106;T1560;T1588;T1518;T1531;T1550;T1482;T1580;T1535;T1553;T1021;T1018;T1071;T1102,Develop Capabilities;Automated Collection;Exploit Public-Facing Application;Deobfuscate/Decode Files or Information;Lateral Tool Transfer;System Network Connections Discovery;System Owner/User Discovery;Process Discovery;Query Registry;Automated Exfiltration;File and Directory Discovery;Modify Registry;Server Software Component;Data from Local System;System Binary Proxy Execution;Impair Defenses;Execution Guardrails;Hide Artifacts;Fallback Channels;Data Obfuscation;Boot or Logon Autostart Execution;OS Credential Dumping;Scheduled Task/Job;Obfuscated Files or Information;Indicator Removal on Host;Command and Scripting Interpreter;Permission Groups Discovery;System Network Configuration Discovery;Account Discovery;Serverless Execution;Encrypted Channel;Windows Management Instrumentation;System Information Discovery;Native API;Archive Collected Data;Obtain Capabilities;Software Discovery;Account Access Removal;Use Alternate Authentication Material;Domain Trust Discovery;Cloud Infrastructure Discovery;Unused/Unsupported Cloud Regions;Subvert Trust Controls;Remote Services;Remote System Discovery;Application Layer Protocol;Web Service
9,https://www.cisa.gov/news-events/cybersecurity-advisories/aa23-341a,80,13,10,16,6,10,4,0.375,0.6,0.461538,T1078;T1114;T1550;T1583;T1585;T1586,T1539;T1566;T1589;T1593,T1005;T1189;T1195;T1199;T1531;T1534;T1565;T1571;T1587;T1588,T1078;T1114;T1539;T1550;T1566;T1583;T1585;T1586;T1589;T1593,T1195;T1005;T1199;T1585;T1583;T1588;T1114;T1534;T1189;T1550;T1078;T1587;T1571;T1531;T1586;T1565,Supply Chain Compromise;Data from Local System;Trusted Relationship;Establish Accounts;Acquire Infrastructure;Obtain Capabilities;Email Collection;Internal Spearphishing;Drive-by Compromise;Use Alternate Authentication Material;Valid Accounts;Develop Capabilities;Non-Standard Port;Account Access Removal;Compromise Accounts;Data Manipulation
10,https://www.cisa.gov/news-events/cybersecurity-advisories/aa23-339a,169,21,18,33,11,22,7,0.333333,0.611111,0.431373,T1016;T1036;T1059;T1070;T1083;T1087;T1140;T1190;T1482;T1505;T1564,T1003;T1046;T1071;T1082;T1105;T1484;T1518,T1001;T1012;T1020;T1027;T1049;T1069;T1098;T1102;T1112;T1119;T1124;T1203;T1213;T1480;T1485;T1498;T1531;T1555;T1583;T1587;T1588;T1602,T1003;T1016;T1036;T1046;T1059;T1070;T1071;T1082;T1083;T1087;T1105;T1140;T1190;T1482;T1484;T1505;T1518;T1564,T1213;T1531;T1190;T1203;T1587;T1119;T1027;T1140;T1059;T1505;T1020;T1016;T1583;T1588;T1102;T1485;T1070;T1564;T1083;T1482;T1087;T1049;T1036;T1112;T1098;T1012;T1001;T1555;T1602;T1124;T1069;T1480;T1498,Data from Information Repositories;Account Access Removal;Exploit Public-Facing Application;Exploitation for Client Execution;Develop Capabilities;Automated Collection;Obfuscated Files or Information;Deobfuscate/Decode Files or Information;Command and Scripting Interpreter;Server Software Component;Automated Exfiltration;System Network Configuration Discovery;Acquire Infrastructure;Obtain Capabilities;Web Service;Data Destruction;Indicator Removal on Host;Hide Artifacts;File and Directory Discovery;Domain Trust Discovery;Account Discovery;System Network Connections Discovery;Masquerading;Modify Registry;Account Manipulation;Query Registry;Data Obfuscation;Credentials from Password Stores;Data from Configuration Repository;System Time Discovery;Permission Groups Discovery;Execution Guardrails;Network Denial of Service
11,https://www.cisa.gov/news-events/cybersecurity-advisories/aa23-335a,144,1,1,12,0,12,1,0.0,0.0,0.0,,T1110,T1036;T1078;T1114;T1140;T1195;T1200;T1495;T1529;T1531;T1565;T1584;T1587,T1110,T1531;T1587;T1195;T1078;T1140;T1036;T1529;T1565;T1584;T1495;T1200;T1114,Account Access Removal;Develop Capabilities;Supply Chain Compromise;Valid Accounts;Deobfuscate/Decode Files or Information;Masquerading;System Shutdown/Reboot;Data Manipulation;Compromise Infrastructure;Firmware Corruption;Hardware Additions;Email Collection
12,https://www.cisa.gov/news-events/cybersecurity-advisories/aa23-325a,213,4,4,38,1,37,3,0.026316,0.25,0.047619,T1539,T1082;T1556;T1563,T1003;T1012;T1016;T1018;T1021;T1027;T1029;T1033;T1036;T1057;T1059;T1071;T1074;T1083;T1087;T1106;T1112;T1119;T1129;T1136;T1189;T1190;T1201;T1203;T1204;T1213;T1218;T1482;T1498;T1528;T1531;T1548;T1562;T1565;T1586;T1587;T1588,T1082;T1539;T1556;T1563,T1587;T1586;T1588;T1119;T1203;T1539;T1189;T1565;T1027;T1218;T1036;T1204;T1087;T1057;T1016;T1083;T1071;T1012;T1059;T1074;T1112;T1003;T1129;T1106;T1021;T1201;T1033;T1498;T1482;T1531;T1213;T1528;T1562;T1018;T1136;T1548;T1029;T1190,Develop Capabilities;Compromise Accounts;Obtain Capabilities;Automated Collection;Exploitation for Client Execution;Steal Web Session Cookie;Drive-by Compromise;Data Manipulation;Obfuscated Files or Information;System Binary Proxy Execution;Masquerading;User Execution;Account Discovery;Process Discovery;System Network Configuration Discovery;File and Directory Discovery;Application Layer Protocol;Query Registry;Command and Scripting Interpreter;Data Staged;Modify Registry;OS Credential Dumping;Shared Modules;Native API;Remote Services;Password Policy Discovery;System Owner/User Discovery;Network Denial of Service;Domain Trust Discovery;Account Access Removal;Data from Information Repositories;Steal Application Access Token;Impair Defenses;Remote System Discovery;Create Account;Abuse Elevation Control Mechanism;Scheduled Transfer;Exploit Public-Facing Application
13,https://www.cisa.gov/news-events/cybersecurity-advisories/aa23-320a,141,43,29,22,4,18,25,0.181818,0.137931,0.156863,T1018;T1078;T1213;T1486,T1021;T1074;T1083;T1114;T1136;T1199;T1204;T1217;T1219;T1484;T1530;T1538;T1539;T1552;T1556;T1566;T1567;T1578;T1583;T1585;T1589;T1598;T1606;T1621;T1648,T1020;T1029;T1087;T1098;T1119;T1205;T1480;T1482;T1528;T1531;T1548;T1550;T1553;T1562;T1568;T1587;T1588;T1594,T1018;T1021;T1074;T1078;T1083;T1114;T1136;T1199;T1204;T1213;T1217;T1219;T1484;T1486;T1530;T1538;T1539;T1552;T1556;T1566;T1567;T1578;T1583;T1585;T1589;T1598;T1606;T1621;T1648,T1587;T1588;T1119;T1482;T1550;T1594;T1568;T1020;T1486;T1087;T1098;T1078;T1528;T1562;T1480;T1531;T1213;T1018;T1548;T1205;T1029;T1553,Develop Capabilities;Obtain Capabilities;Automated Collection;Domain Trust Discovery;Use Alternate Authentication Material;Search Victim-Owned Websites;Dynamic Resolution;Automated Exfiltration;Data Encrypted for Impact;Account Discovery;Account Manipulation;Valid Accounts;Steal Application Access Token;Impair Defenses;Execution Guardrails;Account Access Removal;Data from Information Repositories;Remote System Discovery;Abuse Elevation Control Mechanism;Traffic Signaling;Scheduled Transfer;Subvert Trust Controls
14,https://www.cisa.gov/news-events/cybersecurity-advisories/aa23-319a,203,24,19,31,12,19,7,0.387097,0.631579,0.48,T1018;T1021;T1059;T1069;T1070;T1078;T1087;T1219;T1482;T1486;T1566;T1587,T1003;T1016;T1033;T1055;T1112;T1190;T1564,T1027;T1029;T1057;T1074;T1083;T1114;T1119;T1140;T1213;T1218;T1518;T1531;T1562;T1570;T1573;T1583;T1585;T1588;T1591,T1003;T1016;T1018;T1021;T1033;T1055;T1059;T1069;T1070;T1078;T1087;T1112;T1190;T1219;T1482;T1486;T1564;T1566;T1587,T1213;T1531;T1482;T1587;T1119;T1518;T1140;T1583;T1021;T1078;T1018;T1087;T1069;T1570;T1588;T1027;T1059;T1074;T1083;T1218;T1486;T1573;T1070;T1566;T1591;T1585;T1562;T1219;T1029;T1114;T1057,Data from Information Repositories;Account Access Removal;Domain Trust Discovery;Develop Capabilities;Automated Collection;Software Discovery;Deobfuscate/Decode Files or Information;Acquire Infrastructure;Remote Services;Valid Accounts;Remote System Discovery;Account Discovery;Permission Groups Discovery;Lateral Tool Transfer;Obtain Capabilities;Obfuscated Files or Information;Command and Scripting Interpreter;Data Staged;File and Directory Discovery;System Binary Proxy Execution;Data Encrypted for Impact;Encrypted Channel;Indicator Removal on Host;Phishing;Gather Victim Org Information;Establish Accounts;Impair Defenses;Remote Access Software;Scheduled Transfer;Email Collection;Process Discovery
15,https://www.cisa.gov/news-events/cybersecurity-advisories/aa23-284a,148,7,6,24,2,22,4,0.083333,0.333333,0.133333,T1059;T1572,T1047;T1133;T1505;T1555,T1003;T1018;T1029;T1036;T1041;T1104;T1119;T1136;T1140;T1213;T1480;T1482;T1491;T1498;T1531;T1548;T1553;T1562;T1583;T1586;T1587;T1588,T1047;T1059;T1133;T1505;T1555;T1572,T1491;T1498;T1587;T1586;T1104;T1119;T1140;T1588;T1583;T1480;T1572;T1003;T1041;T1482;T1036;T1562;T1018;T1531;T1213;T1059;T1136;T1548;T1029;T1553,Defacement;Network Denial of Service;Develop Capabilities;Compromise Accounts;Multi-Stage Channels;Automated Collection;Deobfuscate/Decode Files or Information;Obtain Capabilities;Acquire Infrastructure;Execution Guardrails;Protocol Tunneling;OS Credential Dumping;Exfiltration Over C2 Channel;Domain Trust Discovery;Masquerading;Impair Defenses;Remote System Discovery;Account Access Removal;Data from Information Repositories;Command and Scripting Interpreter;Create Account;Abuse Elevation Control Mechanism;Scheduled Transfer;Subvert Trust Controls
16,https://www.cisa.gov/news-events/cybersecurity-advisories/aa23-278a,291,43,33,38,11,27,22,0.289474,0.333333,0.309859,T1018;T1021;T1039;T1078;T1083;T1087;T1135;T1190;T1528;T1550;T1649,T1027;T1046;T1059;T1068;T1072;T1098;T1110;T1111;T1133;T1199;T1204;T1210;T1552;T1555;T1557;T1558;T1566;T1589;T1592;T1595;T1598;T1621,T1003;T1005;T1007;T1049;T1069;T1071;T1136;T1201;T1213;T1218;T1480;T1482;T1491;T1495;T1498;T1530;T1531;T1548;T1553;T1560;T1587;T1588;T1591;T1597;T1599;T1608;T1613,T1018;T1021;T1027;T1039;T1046;T1059;T1068;T1072;T1078;T1083;T1087;T1098;T1110;T1111;T1133;T1135;T1190;T1199;T1204;T1210;T1528;T1550;T1552;T1555;T1557;T1558;T1566;T1589;T1592;T1595;T1598;T1621;T1649,T1482;T1213;T1491;T1480;T1049;T1218;T1587;T1531;T1498;T1548;T1560;T1608;T1588;T1007;T1078;T1550;T1553;T1649;T1018;T1071;T1201;T1021;T1087;T1069;T1190;T1136;T1005;T1597;T1495;T1003;T1528;T1039;T1135;T1083;T1591;T1613;T1599;T1530,Domain Trust Discovery;Data from Information Repositories;Defacement;Execution Guardrails;System Network Connections Discovery;System Binary Proxy Execution;Develop Capabilities;Account Access Removal;Network Denial of Service;Abuse Elevation Control Mechanism;Archive Collected Data;Stage Capabilities;Obtain Capabilities;System Service Discovery;Valid Accounts;Use Alternate Authentication Material;Subvert Trust Controls;Steal or Forge Authentication Certificates;Remote System Discovery;Application Layer Protocol;Password Policy Discovery;Remote Services;Account Discovery;Permission Groups Discovery;Exploit Public-Facing Application;Create Account;Data from Local System;Search Closed Sources;Firmware Corruption;OS Credential Dumping;Steal Application Access Token;Data from Network Shared Drive;Network Share Discovery;File and Directory Discovery;Gather Victim Org Information;Container and Resource Discovery;Network Boundary Bridging;Data from Cloud Storage Object
17,https://www.cisa.gov/news-events/cybersecurity-advisories/aa23-270a,123,26,12,23,4,19,8,0.173913,0.333333,0.228571,T1199;T1205;T1542;T1553,T1021;T1071;T1090;T1112;T1556;T1562;T1588;T1601,T1005;T1014;T1016;T1027;T1049;T1059;T1119;T1124;T1129;T1200;T1218;T1491;T1495;T1518;T1531;T1546;T1564;T1587;T1602,T1021;T1071;T1090;T1112;T1199;T1205;T1542;T1553;T1556;T1562;T1588;T1601,T1587;T1200;T1119;T1602;T1518;T1059;T1218;T1491;T1199;T1542;T1014;T1129;T1564;T1546;T1495;T1005;T1027;T1016;T1205;T1049;T1531;T1124;T1553,Develop Capabilities;Hardware Additions;Automated Collection;Data from Configuration Repository;Software Discovery;Command and Scripting Interpreter;System Binary Proxy Execution;Defacement;Trusted Relationship;Pre-OS Boot;Rootkit;Shared Modules;Hide Artifacts;Event Triggered Execution;Firmware Corruption;Data from Local System;Obfuscated Files or Information;System Network Configuration Discovery;Traffic Signaling;System Network Connections Discovery;Account Access Removal;System Time Discovery;Subvert Trust Controls
18,https://www.cisa.gov/news-events/cybersecurity-advisories/aa23-263a,155,21,18,25,4,21,14,0.16,0.222222,0.186047,T1036;T1059;T1070;T1562,T1005;T1012;T1021;T1057;T1071;T1078;T1110;T1112;T1133;T1486;T1490;T1569;T1583;T1590,T1018;T1027;T1029;T1030;T1040;T1083;T1104;T1114;T1119;T1136;T1140;T1205;T1213;T1480;T1482;T1528;T1531;T1548;T1553;T1586;T1587,T1005;T1012;T1021;T1036;T1057;T1059;T1070;T1071;T1078;T1110;T1112;T1133;T1486;T1490;T1562;T1569;T1583;T1590,T1213;T1587;T1586;T1119;T1083;T1030;T1140;T1036;T1040;T1027;T1070;T1059;T1104;T1114;T1482;T1480;T1531;T1528;T1562;T1018;T1136;T1548;T1205;T1029;T1553,Data from Information Repositories;Develop Capabilities;Compromise Accounts;Automated Collection;File and Directory Discovery;Data Transfer Size Limits;Deobfuscate/Decode Files or Information;Masquerading;Network Sniffing;Obfuscated Files or Information;Indicator Removal on Host;Command and Scripting Interpreter;Multi-Stage Channels;Email Collection;Domain Trust Discovery;Execution Guardrails;Account Access Removal;Steal Application Access Token;Impair Defenses;Remote System Discovery;Create Account;Abuse Elevation Control Mechanism;Traffic Signaling;Scheduled Transfer;Subvert Trust Controls
19,https://www.cisa.gov/news-events/cybersecurity-advisories/aa23-250a,229,39,32,33,14,19,18,0.424242,0.4375,0.430769,T1003;T1021;T1027;T1046;T1049;T1053;T1059;T1068;T1070;T1078;T1133;T1190;T1219;T1587,T1012;T1018;T1036;T1040;T1057;T1071;T1074;T1136;T1505;T1543;T1553;T1564;T1570;T1571;T1572;T1573;T1583;T1588,T1069;T1083;T1119;T1124;T1140;T1202;T1203;T1213;T1220;T1480;T1482;T1498;T1531;T1534;T1550;T1584;T1593;T1597;T1608,T1003;T1012;T1018;T1021;T1027;T1036;T1040;T1046;T1049;T1053;T1057;T1059;T1068;T1070;T1071;T1074;T1078;T1133;T1136;T1190;T1219;T1505;T1543;T1553;T1564;T1570;T1571;T1572;T1573;T1583;T1587;T1588,T1531;T1587;T1119;T1140;T1027;T1597;T1133;T1069;T1190;T1078;T1068;T1021;T1083;T1124;T1053;T1003;T1049;T1046;T1203;T1220;T1498;T1213;T1534;T1070;T1593;T1584;T1550;T1219;T1608;T1202;T1482;T1480;T1059,Account Access Removal;Develop Capabilities;Automated Collection;Deobfuscate/Decode Files or Information;Obfuscated Files or Information;Search Closed Sources;External Remote Services;Permission Groups Discovery;Exploit Public-Facing Application;Valid Accounts;Exploitation for Privilege Escalation;Remote Services;File and Directory Discovery;System Time Discovery;Scheduled Task/Job;OS Credential Dumping;System Network Connections Discovery;Network Service Discovery;Exploitation for Client Execution;XSL Script Processing;Network Denial of Service;Data from Information Repositories;Internal Spearphishing;Indicator Removal on Host;Search Open Websites/Domains;Compromise Infrastructure;Use Alternate Authentication Material;Remote Access Software;Stage Capabilities;Indirect Command Execution;Domain Trust Discovery;Execution Guardrails;Command and Scripting Interpreter
20,https://www.cisa.gov/news-events/cybersecurity-advisories/aa23-242a,161,0,0,24,0,24,0,0.0,0.0,0.0,,,T1008;T1016;T1027;T1029;T1059;T1069;T1102;T1105;T1112;T1119;T1136;T1207;T1213;T1218;T1482;T1518;T1531;T1534;T1547;T1548;T1553;T1568;T1583;T1587,,T1587;T1213;T1119;T1583;T1105;T1102;T1518;T1008;T1207;T1568;T1547;T1112;T1218;T1016;T1531;T1069;T1136;T1548;T1534;T1482;T1029;T1059;T1027;T1553,Develop Capabilities;Data from Information Repositories;Automated Collection;Acquire Infrastructure;Ingress Tool Transfer;Web Service;Software Discovery;Fallback Channels;Rogue Domain Controller;Dynamic Resolution;Boot or Logon Autostart Execution;Modify Registry;System Binary Proxy Execution;System Network Configuration Discovery;Account Access Removal;Permission Groups Discovery;Create Account;Abuse Elevation Control Mechanism;Internal Spearphishing;Domain Trust Discovery;Scheduled Transfer;Command and Scripting Interpreter;Obfuscated Files or Information;Subvert Trust Controls
21,https://www.cisa.gov/news-events/cybersecurity-advisories/aa23-213a,146,11,10,19,3,16,7,0.157895,0.3,0.206897,T1018;T1070;T1190,T1005;T1036;T1059;T1087;T1090;T1505;T1572,T1014;T1119;T1140;T1202;T1203;T1213;T1482;T1498;T1528;T1531;T1546;T1553;T1584;T1587;T1588;T1606,T1005;T1018;T1036;T1059;T1070;T1087;T1090;T1190;T1505;T1572,T1203;T1190;T1546;T1587;T1213;T1119;T1140;T1606;T1584;T1018;T1070;T1202;T1588;T1553;T1498;T1482;T1531;T1014;T1528,Exploitation for Client Execution;Exploit Public-Facing Application;Event Triggered Execution;Develop Capabilities;Data from Information Repositories;Automated Collection;Deobfuscate/Decode Files or Information;Forge Web Credentials;Compromise Infrastructure;Remote System Discovery;Indicator Removal on Host;Indirect Command Execution;Obtain Capabilities;Subvert Trust Controls;Network Denial of Service;Domain Trust Discovery;Account Access Removal;Rootkit;Steal Application Access Token
22,https://www.cisa.gov/news-events/cybersecurity-advisories/aa23-201a,247,39,28,44,18,26,10,0.409091,0.642857,0.5,T1018;T1036;T1046;T1059;T1069;T1070;T1074;T1087;T1090;T1140;T1482;T1505;T1531;T1547;T1560;T1572;T1584;T1588,T1005;T1016;T1033;T1105;T1106;T1190;T1222;T1548;T1552;T1573,T1003;T1007;T1014;T1020;T1027;T1040;T1049;T1057;T1068;T1082;T1083;T1112;T1119;T1132;T1195;T1203;T1213;T1498;T1528;T1564;T1565;T1570;T1571;T1587;T1606;T1608,T1005;T1016;T1018;T1033;T1036;T1046;T1059;T1069;T1070;T1074;T1087;T1090;T1105;T1106;T1140;T1190;T1222;T1482;T1505;T1531;T1547;T1548;T1552;T1560;T1572;T1573;T1584;T1588,T1505;T1570;T1588;T1571;T1119;T1027;T1587;T1195;T1608;T1203;T1565;T1003;T1087;T1082;T1069;T1560;T1020;T1049;T1018;T1482;T1070;T1112;T1059;T1068;T1584;T1564;T1040;T1074;T1036;T1090;T1014;T1606;T1547;T1140;T1572;T1083;T1057;T1007;T1046;T1132;T1498;T1531;T1213;T1528,Server Software Component;Lateral Tool Transfer;Obtain Capabilities;Non-Standard Port;Automated Collection;Obfuscated Files or Information;Develop Capabilities;Supply Chain Compromise;Stage Capabilities;Exploitation for Client Execution;Data Manipulation;OS Credential Dumping;Account Discovery;System Information Discovery;Permission Groups Discovery;Archive Collected Data;Automated Exfiltration;System Network Connections Discovery;Remote System Discovery;Domain Trust Discovery;Indicator Removal on Host;Modify Registry;Command and Scripting Interpreter;Exploitation for Privilege Escalation;Compromise Infrastructure;Hide Artifacts;Network Sniffing;Data Staged;Masquerading;Proxy;Rootkit;Forge Web Credentials;Boot or Logon Autostart Execution;Deobfuscate/Decode Files or Information;Protocol Tunneling;File and Directory Discovery;Process Discovery;System Service Discovery;Network Service Discovery;Data Encoding;Network Denial of Service;Account Access Removal;Data from Information Repositories;Steal Application Access Token
23,https://www.cisa.gov/news-events/cybersecurity-advisories/aa23-187a,207,41,34,32,13,19,21,0.40625,0.382353,0.393939,T1005;T1027;T1036;T1057;T1059;T1071;T1082;T1112;T1124;T1129;T1189;T1518;T1570,T1003;T1016;T1029;T1030;T1048;T1055;T1070;T1091;T1095;T1105;T1113;T1190;T1204;T1210;T1547;T1550;T1563;T1566;T1573;T1620;T1622,T1018;T1020;T1041;T1102;T1119;T1136;T1213;T1218;T1219;T1480;T1482;T1498;T1531;T1548;T1553;T1562;T1565;T1574;T1587,T1003;T1005;T1016;T1027;T1029;T1030;T1036;T1048;T1055;T1057;T1059;T1070;T1071;T1082;T1091;T1095;T1105;T1112;T1113;T1124;T1129;T1189;T1190;T1204;T1210;T1518;T1547;T1550;T1563;T1566;T1570;T1573;T1620;T1622,T1587;T1565;T1119;T1574;T1036;T1218;T1480;T1112;T1082;T1005;T1124;T1057;T1027;T1020;T1041;T1102;T1129;T1071;T1189;T1570;T1059;T1219;T1518;T1498;T1213;T1531;T1482;T1562;T1018;T1136;T1548;T1553,Develop Capabilities;Data Manipulation;Automated Collection;Hijack Execution Flow;Masquerading;System Binary Proxy Execution;Execution Guardrails;Modify Registry;System Information Discovery;Data from Local System;System Time Discovery;Process Discovery;Obfuscated Files or Information;Automated Exfiltration;Exfiltration Over C2 Channel;Web Service;Shared Modules;Application Layer Protocol;Drive-by Compromise;Lateral Tool Transfer;Command and Scripting Interpreter;Remote Access Software;Software Discovery;Network Denial of Service;Data from Information Repositories;Account Access Removal;Domain Trust Discovery;Impair Defenses;Remote System Discovery;Create Account;Abuse Elevation Control Mechanism;Subvert Trust Controls
24,https://www.cisa.gov/news-events/cybersecurity-advisories/aa23-165a,310,46,35,26,7,19,28,0.269231,0.2,0.229508,T1027;T1059;T1190;T1480;T1482;T1491;T1548,T1003;T1021;T1046;T1048;T1070;T1071;T1072;T1078;T1082;T1095;T1110;T1133;T1189;T1219;T1484;T1485;T1486;T1489;T1490;T1547;T1555;T1560;T1562;T1566;T1567;T1569;T1572;T1614,T1020;T1029;T1041;T1049;T1102;T1114;T1119;T1203;T1213;T1498;T1531;T1546;T1550;T1553;T1554;T1565;T1587;T1588;T1622,T1003;T1021;T1027;T1046;T1048;T1059;T1070;T1071;T1072;T1078;T1082;T1095;T1110;T1133;T1189;T1190;T1219;T1480;T1482;T1484;T1485;T1486;T1489;T1490;T1491;T1547;T1548;T1555;T1560;T1562;T1566;T1567;T1569;T1572;T1614,T1587;T1027;T1588;T1491;T1119;T1020;T1546;T1029;T1554;T1102;T1553;T1059;T1203;T1041;T1565;T1531;T1114;T1482;T1190;T1213;T1498;T1480;T1548;T1550;T1622;T1049,Develop Capabilities;Obfuscated Files or Information;Obtain Capabilities;Defacement;Automated Collection;Automated Exfiltration;Event Triggered Execution;Scheduled Transfer;Compromise Client Software Binary;Web Service;Subvert Trust Controls;Command and Scripting Interpreter;Exploitation for Client Execution;Exfiltration Over C2 Channel;Data Manipulation;Account Access Removal;Email Collection;Domain Trust Discovery;Exploit Public-Facing Application;Data from Information Repositories;Network Denial of Service;Execution Guardrails;Abuse Elevation Control Mechanism;Use Alternate Authentication Material;Debugger Evasion;System Network Connections Discovery
25,https://www.cisa.gov/news-events/cybersecurity-advisories/aa23-158a,198,18,17,32,7,25,10,0.21875,0.411765,0.285714,T1018;T1021;T1059;T1070;T1105;T1129;T1505,T1041;T1055;T1068;T1071;T1113;T1190;T1546;T1563;T1566;T1574,T1020;T1029;T1036;T1049;T1087;T1091;T1104;T1119;T1132;T1136;T1203;T1205;T1213;T1480;T1482;T1528;T1531;T1548;T1553;T1562;T1567;T1568;T1583;T1586;T1587,T1018;T1021;T1041;T1055;T1059;T1068;T1070;T1071;T1105;T1113;T1129;T1190;T1505;T1546;T1563;T1566;T1574,T1531;T1049;T1205;T1587;T1586;T1203;T1567;T1104;T1020;T1568;T1119;T1583;T1105;T1091;T1129;T1070;T1021;T1505;T1132;T1036;T1059;T1136;T1087;T1482;T1480;T1213;T1528;T1562;T1018;T1548;T1029;T1553,Account Access Removal;System Network Connections Discovery;Traffic Signaling;Develop Capabilities;Compromise Accounts;Exploitation for Client Execution;Exfiltration Over Web Service;Multi-Stage Channels;Automated Exfiltration;Dynamic Resolution;Automated Collection;Acquire Infrastructure;Ingress Tool Transfer;Replication Through Removable Media;Shared Modules;Indicator Removal on Host;Remote Services;Server Software Component;Data Encoding;Masquerading;Command and Scripting Interpreter;Create Account;Account Discovery;Domain Trust Discovery;Execution Guardrails;Data from Information Repositories;Steal Application Access Token;Impair Defenses;Remote System Discovery;Abuse Elevation Control Mechanism;Scheduled Transfer;Subvert Trust Controls
26,https://www.cisa.gov/news-events/cybersecurity-advisories/aa23-144a,296,19,13,44,9,35,4,0.204545,0.692308,0.315789,T1003;T1016;T1033;T1047;T1059;T1069;T1070;T1082;T1090,T1110;T1190;T1505;T1555,T1001;T1012;T1021;T1027;T1049;T1057;T1074;T1083;T1087;T1112;T1114;T1119;T1140;T1203;T1213;T1218;T1480;T1482;T1490;T1491;T1518;T1531;T1553;T1562;T1564;T1565;T1568;T1571;T1583;T1586;T1587;T1588;T1593;T1608;T1613,T1003;T1016;T1033;T1047;T1059;T1069;T1070;T1082;T1090;T1110;T1190;T1505;T1555,T1587;T1588;T1027;T1140;T1565;T1568;T1608;T1059;T1033;T1583;T1021;T1082;T1083;T1047;T1012;T1003;T1490;T1070;T1074;T1119;T1087;T1049;T1090;T1562;T1112;T1613;T1571;T1057;T1218;T1586;T1518;T1203;T1001;T1491;T1069;T1564;T1016;T1482;T1480;T1553;T1593;T1213;T1114;T1531,Develop Capabilities;Obtain Capabilities;Obfuscated Files or Information;Deobfuscate/Decode Files or Information;Data Manipulation;Dynamic Resolution;Stage Capabilities;Command and Scripting Interpreter;System Owner/User Discovery;Acquire Infrastructure;Remote Services;System Information Discovery;File and Directory Discovery;Windows Management Instrumentation;Query Registry;OS Credential Dumping;Inhibit System Recovery;Indicator Removal on Host;Data Staged;Automated Collection;Account Discovery;System Network Connections Discovery;Proxy;Impair Defenses;Modify Registry;Container and Resource Discovery;Non-Standard Port;Process Discovery;System Binary Proxy Execution;Compromise Accounts;Software Discovery;Exploitation for Client Execution;Data Obfuscation;Defacement;Permission Groups Discovery;Hide Artifacts;System Network Configuration Discovery;Domain Trust Discovery;Execution Guardrails;Subvert Trust Controls;Search Open Websites/Domains;Data from Information Repositories;Email Collection;Account Access Removal
27,https://www.cisa.gov/news-events/cybersecurity-advisories/aa23-136a,207,32,28,35,14,21,14,0.4,0.5,0.444444,T1018;T1046;T1059;T1069;T1078;T1083;T1115;T1135;T1136;T1219;T1482;T1562;T1566;T1587,T1003;T1012;T1021;T1033;T1048;T1053;T1098;T1105;T1112;T1133;T1486;T1537;T1552;T1567,T1005;T1020;T1027;T1029;T1049;T1070;T1119;T1140;T1195;T1211;T1213;T1480;T1518;T1528;T1531;T1548;T1553;T1560;T1585;T1588;T1622,T1003;T1012;T1018;T1021;T1033;T1046;T1048;T1053;T1059;T1069;T1078;T1083;T1098;T1105;T1112;T1115;T1133;T1135;T1136;T1219;T1482;T1486;T1537;T1552;T1562;T1566;T1567;T1587,T1213;T1587;T1119;T1069;T1211;T1020;T1518;T1140;T1588;T1136;T1622;T1562;T1059;T1049;T1046;T1135;T1482;T1078;T1005;T1219;T1070;T1115;T1560;T1027;T1083;T1566;T1585;T1029;T1480;T1528;T1018;T1531;T1548;T1195;T1553,Data from Information Repositories;Develop Capabilities;Automated Collection;Permission Groups Discovery;Exploitation for Defense Evasion;Automated Exfiltration;Software Discovery;Deobfuscate/Decode Files or Information;Obtain Capabilities;Create Account;Debugger Evasion;Impair Defenses;Command and Scripting Interpreter;System Network Connections Discovery;Network Service Discovery;Network Share Discovery;Domain Trust Discovery;Valid Accounts;Data from Local System;Remote Access Software;Indicator Removal on Host;Clipboard Data;Archive Collected Data;Obfuscated Files or Information;File and Directory Discovery;Phishing;Establish Accounts;Scheduled Transfer;Execution Guardrails;Steal Application Access Token;Remote System Discovery;Account Access Removal;Abuse Elevation Control Mechanism;Supply Chain Compromise;Subvert Trust Controls
28,https://www.cisa.gov/news-events/cybersecurity-advisories/aa23-129a,657,49,40,50,20,30,20,0.4,0.5,0.444444,T1014;T1027;T1036;T1040;T1059;T1071;T1083;T1090;T1095;T1104;T1112;T1119;T1132;T1140;T1546;T1564;T1573;T1574;T1587;T1610,T1001;T1003;T1046;T1055;T1056;T1074;T1078;T1106;T1135;T1190;T1482;T1547;T1559;T1560;T1569;T1570;T1572;T1584;T1588;T1608,T1005;T1008;T1012;T1016;T1018;T1020;T1029;T1030;T1053;T1057;T1070;T1129;T1205;T1213;T1218;T1480;T1485;T1486;T1531;T1543;T1550;T1553;T1556;T1565;T1571;T1583;T1593;T1609;T1612;T1613,T1001;T1003;T1014;T1027;T1036;T1040;T1046;T1055;T1056;T1059;T1071;T1074;T1078;T1083;T1090;T1095;T1104;T1106;T1112;T1119;T1132;T1135;T1140;T1190;T1482;T1546;T1547;T1559;T1560;T1564;T1569;T1570;T1572;T1573;T1574;T1584;T1587;T1588;T1608;T1610,T1587;T1090;T1020;T1119;T1027;T1104;T1070;T1036;T1612;T1029;T1546;T1573;T1059;T1140;T1083;T1564;T1480;T1543;T1486;T1012;T1014;T1613;T1610;T1565;T1205;T1609;T1053;T1016;T1071;T1129;T1583;T1550;T1095;T1571;T1132;T1030;T1213;T1556;T1040;T1057;T1008;T1485;T1112;T1005;T1018;T1218;T1574;T1531;T1553;T1593,Develop Capabilities;Proxy;Automated Exfiltration;Automated Collection;Obfuscated Files or Information;Multi-Stage Channels;Indicator Removal on Host;Masquerading;Build Image on Host;Scheduled Transfer;Event Triggered Execution;Encrypted Channel;Command and Scripting Interpreter;Deobfuscate/Decode Files or Information;File and Directory Discovery;Hide Artifacts;Execution Guardrails;Create or Modify System Process;Data Encrypted for Impact;Query Registry;Rootkit;Container and Resource Discovery;Deploy Container;Data Manipulation;Traffic Signaling;Container Administration Command;Scheduled Task/Job;System Network Configuration Discovery;Application Layer Protocol;Shared Modules;Acquire Infrastructure;Use Alternate Authentication Material;Non-Application Layer Protocol;Non-Standard Port;Data Encoding;Data Transfer Size Limits;Data from Information Repositories;Modify Authentication Process;Network Sniffing;Process Discovery;Fallback Channels;Data Destruction;Modify Registry;Data from Local System;Remote System Discovery;System Binary Proxy Execution;Hijack Execution Flow;Account Access Removal;Subvert Trust Controls;Search Open Websites/Domains
29,https://www.cisa.gov/news-events/cybersecurity-advisories/aa23-108,78,3,3,24,0,24,3,0.0,0.0,0.0,,T1078;T1190;T1590,T1016;T1018;T1036;T1041;T1049;T1057;T1069;T1082;T1119;T1203;T1205;T1210;T1218;T1482;T1498;T1518;T1531;T1565;T1571;T1584;T1587;T1588;T1602;T1612,T1078;T1190;T1590,T1518;T1587;T1119;T1588;T1057;T1036;T1018;T1203;T1584;T1498;T1218;T1041;T1082;T1016;T1565;T1210;T1602;T1069;T1482;T1531;T1205;T1571;T1049;T1612,Software Discovery;Develop Capabilities;Automated Collection;Obtain Capabilities;Process Discovery;Masquerading;Remote System Discovery;Exploitation for Client Execution;Compromise Infrastructure;Network Denial of Service;System Binary Proxy Execution;Exfiltration Over C2 Channel;System Information Discovery;System Network Configuration Discovery;Data Manipulation;Exploitation of Remote Services;Data from Configuration Repository;Permission Groups Discovery;Domain Trust Discovery;Account Access Removal;Traffic Signaling;Non-Standard Port;System Network Connections Discovery;Build Image on Host
30,https://www.cisa.gov/news-events/cybersecurity-advisories/aa23-075a,173,28,24,38,7,31,17,0.184211,0.291667,0.225806,T1027;T1070;T1071;T1082;T1489;T1490;T1491,T1003;T1021;T1046;T1048;T1072;T1078;T1133;T1189;T1190;T1480;T1485;T1486;T1547;T1566;T1567;T1572;T1614,T1020;T1029;T1036;T1040;T1049;T1055;T1057;T1059;T1083;T1098;T1102;T1112;T1119;T1129;T1140;T1201;T1213;T1218;T1497;T1498;T1529;T1531;T1534;T1548;T1553;T1559;T1569;T1586;T1587;T1588;T1615,T1003;T1021;T1027;T1046;T1048;T1070;T1071;T1072;T1078;T1082;T1133;T1189;T1190;T1480;T1485;T1486;T1489;T1490;T1491;T1547;T1566;T1567;T1572;T1614,T1213;T1587;T1586;T1119;T1027;T1218;T1059;T1201;T1140;T1497;T1082;T1491;T1534;T1129;T1036;T1070;T1040;T1020;T1102;T1588;T1057;T1553;T1559;T1548;T1083;T1490;T1529;T1615;T1489;T1112;T1569;T1055;T1049;T1071;T1531;T1098;T1498;T1029,Data from Information Repositories;Develop Capabilities;Compromise Accounts;Automated Collection;Obfuscated Files or Information;System Binary Proxy Execution;Command and Scripting Interpreter;Password Policy Discovery;Deobfuscate/Decode Files or Information;Virtualization/Sandbox Evasion;System Information Discovery;Defacement;Internal Spearphishing;Shared Modules;Masquerading;Indicator Removal on Host;Network Sniffing;Automated Exfiltration;Web Service;Obtain Capabilities;Process Discovery;Subvert Trust Controls;Inter-Process Communication;Abuse Elevation Control Mechanism;File and Directory Discovery;Inhibit System Recovery;System Shutdown/Reboot;Group Policy Discovery;Service Stop;Modify Registry;System Services;Process Injection;System Network Connections Discovery;Application Layer Protocol;Account Access Removal;Account Manipulation;Network Denial of Service;Scheduled Transfer
31,https://www.cisa.gov/news-events/cybersecurity-advisories/aa23-074a,260,17,13,39,6,33,7,0.153846,0.461538,0.230769,T1036;T1059;T1070;T1083;T1140;T1190,T1016;T1055;T1095;T1105;T1505;T1583;T1595,T1007;T1012;T1020;T1027;T1030;T1041;T1049;T1057;T1069;T1082;T1098;T1102;T1119;T1124;T1129;T1203;T1213;T1218;T1480;T1496;T1497;T1518;T1531;T1550;T1559;T1564;T1565;T1569;T1574;T1587;T1588;T1597;T1602,T1016;T1036;T1055;T1059;T1070;T1083;T1095;T1105;T1140;T1190;T1505;T1583;T1595,T1190;T1203;T1124;T1007;T1587;T1119;T1102;T1588;T1597;T1565;T1083;T1518;T1070;T1036;T1027;T1098;T1574;T1480;T1041;T1059;T1497;T1082;T1569;T1496;T1213;T1020;T1129;T1140;T1531;T1012;T1030;T1559;T1218;T1057;T1049;T1564;T1602;T1550;T1069,Exploit Public-Facing Application;Exploitation for Client Execution;System Time Discovery;System Service Discovery;Develop Capabilities;Automated Collection;Web Service;Obtain Capabilities;Search Closed Sources;Data Manipulation;File and Directory Discovery;Software Discovery;Indicator Removal on Host;Masquerading;Obfuscated Files or Information;Account Manipulation;Hijack Execution Flow;Execution Guardrails;Exfiltration Over C2 Channel;Command and Scripting Interpreter;Virtualization/Sandbox Evasion;System Information Discovery;System Services;Resource Hijacking;Data from Information Repositories;Automated Exfiltration;Shared Modules;Deobfuscate/Decode Files or Information;Account Access Removal;Query Registry;Data Transfer Size Limits;Inter-Process Communication;System Binary Proxy Execution;Process Discovery;System Network Connections Discovery;Hide Artifacts;Data from Configuration Repository;Use Alternate Authentication Material;Permission Groups Discovery
32,https://www.cisa.gov/news-events/cybersecurity-advisories/aa23-061a,217,16,12,31,6,25,6,0.193548,0.5,0.27907,T1021;T1070;T1105;T1119;T1190;T1486,T1078;T1133;T1484;T1562;T1566;T1572,T1016;T1020;T1027;T1029;T1030;T1036;T1049;T1083;T1104;T1112;T1136;T1204;T1205;T1213;T1490;T1498;T1518;T1531;T1548;T1553;T1565;T1570;T1583;T1587;T1588,T1021;T1070;T1078;T1105;T1119;T1133;T1190;T1484;T1486;T1562;T1566;T1572,T1213;T1531;T1587;T1036;T1119;T1027;T1020;T1104;T1029;T1518;T1030;T1486;T1204;T1021;T1190;T1588;T1105;T1570;T1490;T1070;T1112;T1083;T1016;T1049;T1583;T1136;T1548;T1498;T1205;T1565;T1553,Data from Information Repositories;Account Access Removal;Develop Capabilities;Masquerading;Automated Collection;Obfuscated Files or Information;Automated Exfiltration;Multi-Stage Channels;Scheduled Transfer;Software Discovery;Data Transfer Size Limits;Data Encrypted for Impact;User Execution;Remote Services;Exploit Public-Facing Application;Obtain Capabilities;Ingress Tool Transfer;Lateral Tool Transfer;Inhibit System Recovery;Indicator Removal on Host;Modify Registry;File and Directory Discovery;System Network Configuration Discovery;System Network Connections Discovery;Acquire Infrastructure;Create Account;Abuse Elevation Control Mechanism;Network Denial of Service;Traffic Signaling;Data Manipulation;Subvert Trust Controls
33,https://www.cisa.gov/news-events/cybersecurity-advisories/aa23-059a,292,56,41,39,18,21,23,0.461538,0.439024,0.45,T1003;T1018;T1069;T1071;T1078;T1087;T1098;T1482;T1531;T1548;T1550;T1555;T1558;T1574;T1580;T1583;T1588;T1591,T1016;T1021;T1033;T1046;T1048;T1049;T1090;T1105;T1106;T1110;T1136;T1204;T1543;T1546;T1552;T1557;T1566;T1573;T1585;T1589;T1590;T1596;T1615,T1068;T1114;T1119;T1124;T1135;T1212;T1213;T1480;T1486;T1498;T1505;T1565;T1568;T1570;T1578;T1584;T1586;T1587;T1597;T1602;T1608,T1003;T1016;T1018;T1021;T1033;T1046;T1048;T1049;T1069;T1071;T1078;T1087;T1090;T1098;T1105;T1106;T1110;T1136;T1204;T1482;T1531;T1543;T1546;T1548;T1550;T1552;T1555;T1557;T1558;T1566;T1573;T1574;T1580;T1583;T1585;T1588;T1589;T1590;T1591;T1596;T1615,T1124;T1531;T1587;T1597;T1119;T1565;T1591;T1608;T1570;T1078;T1114;T1087;T1558;T1069;T1213;T1555;T1482;T1018;T1480;T1505;T1212;T1548;T1550;T1578;T1586;T1003;T1584;T1071;T1580;T1486;T1568;T1583;T1602;T1135;T1574;T1098;T1498;T1068;T1588,System Time Discovery;Account Access Removal;Develop Capabilities;Search Closed Sources;Automated Collection;Data Manipulation;Gather Victim Org Information;Stage Capabilities;Lateral Tool Transfer;Valid Accounts;Email Collection;Account Discovery;Steal or Forge Kerberos Tickets;Permission Groups Discovery;Data from Information Repositories;Credentials from Password Stores;Domain Trust Discovery;Remote System Discovery;Execution Guardrails;Server Software Component;Exploitation for Credential Access;Abuse Elevation Control Mechanism;Use Alternate Authentication Material;Modify Cloud Compute Infrastructure;Compromise Accounts;OS Credential Dumping;Compromise Infrastructure;Application Layer Protocol;Cloud Infrastructure Discovery;Data Encrypted for Impact;Dynamic Resolution;Acquire Infrastructure;Data from Configuration Repository;Network Share Discovery;Hijack Execution Flow;Account Manipulation;Network Denial of Service;Exploitation for Privilege Escalation;Obtain Capabilities
34,https://www.cisa.gov/news-events/cybersecurity-advisories/aa23-040a,204,13,7,27,2,25,5,0.074074,0.285714,0.117647,T1021;T1583,T1083;T1133;T1190;T1195;T1486,T1027;T1029;T1036;T1069;T1095;T1114;T1119;T1124;T1134;T1140;T1189;T1204;T1213;T1480;T1482;T1528;T1530;T1531;T1553;T1565;T1584;T1586;T1587;T1588;T1602,T1021;T1083;T1133;T1190;T1195;T1486;T1583,T1587;T1586;T1029;T1565;T1602;T1584;T1583;T1134;T1204;T1189;T1140;T1588;T1036;T1114;T1530;T1069;T1531;T1213;T1528;T1021;T1124;T1482;T1480;T1095;T1119;T1553;T1027,Develop Capabilities;Compromise Accounts;Scheduled Transfer;Data Manipulation;Data from Configuration Repository;Compromise Infrastructure;Acquire Infrastructure;Access Token Manipulation;User Execution;Drive-by Compromise;Deobfuscate/Decode Files or Information;Obtain Capabilities;Masquerading;Email Collection;Data from Cloud Storage Object;Permission Groups Discovery;Account Access Removal;Data from Information Repositories;Steal Application Access Token;Remote Services;System Time Discovery;Domain Trust Discovery;Execution Guardrails;Non-Application Layer Protocol;Automated Collection;Subvert Trust Controls;Obfuscated Files or Information
35,https://www.cisa.gov/news-events/cybersecurity-advisories/aa22-335a,136,13,13,21,3,18,10,0.142857,0.230769,0.176471,T1558;T1562;T1584,T1003;T1059;T1068;T1072;T1078;T1090;T1133;T1190;T1563;T1566,T1027;T1029;T1036;T1083;T1104;T1119;T1136;T1213;T1482;T1491;T1498;T1518;T1531;T1537;T1548;T1553;T1587;T1588,T1003;T1059;T1068;T1072;T1078;T1090;T1133;T1190;T1558;T1562;T1563;T1566;T1584,T1213;T1531;T1587;T1588;T1537;T1119;T1491;T1482;T1548;T1558;T1104;T1083;T1562;T1553;T1027;T1584;T1518;T1036;T1136;T1498;T1029,Data from Information Repositories;Account Access Removal;Develop Capabilities;Obtain Capabilities;Transfer Data to Cloud Account;Automated Collection;Defacement;Domain Trust Discovery;Abuse Elevation Control Mechanism;Steal or Forge Kerberos Tickets;Multi-Stage Channels;File and Directory Discovery;Impair Defenses;Subvert Trust Controls;Obfuscated Files or Information;Compromise Infrastructure;Software Discovery;Masquerading;Create Account;Network Denial of Service;Scheduled Transfer
36,https://www.cisa.gov/news-events/cybersecurity-advisories/aa22-321a,165,10,10,29,5,24,5,0.172414,0.5,0.25641,T1070;T1486;T1490;T1537;T1566,T1059;T1112;T1133;T1190;T1562,T1021;T1029;T1048;T1083;T1095;T1104;T1113;T1119;T1124;T1136;T1140;T1213;T1482;T1498;T1528;T1531;T1548;T1553;T1565;T1568;T1586;T1587;T1589;T1597,T1059;T1070;T1112;T1133;T1190;T1486;T1490;T1537;T1562;T1566,T1213;T1531;T1587;T1586;T1029;T1119;T1104;T1568;T1490;T1070;T1048;T1486;T1566;T1537;T1021;T1482;T1124;T1140;T1528;T1136;T1548;T1498;T1095;T1589;T1083;T1113;T1597;T1553;T1565,Data from Information Repositories;Account Access Removal;Develop Capabilities;Compromise Accounts;Scheduled Transfer;Automated Collection;Multi-Stage Channels;Dynamic Resolution;Inhibit System Recovery;Indicator Removal on Host;Exfiltration Over Alternative Protocol;Data Encrypted for Impact;Phishing;Transfer Data to Cloud Account;Remote Services;Domain Trust Discovery;System Time Discovery;Deobfuscate/Decode Files or Information;Steal Application Access Token;Create Account;Abuse Elevation Control Mechanism;Network Denial of Service;Non-Application Layer Protocol;Gather Victim Identity Information;File and Directory Discovery;Screen Capture;Search Closed Sources;Subvert Trust Controls;Data Manipulation
37,https://www.cisa.gov/news-events/cybersecurity-advisories/aa22-320a,129,18,15,27,7,20,8,0.259259,0.466667,0.333333,T1016;T1018;T1053;T1078;T1090;T1105;T1562,T1003;T1021;T1059;T1070;T1098;T1136;T1190;T1555,T1027;T1036;T1047;T1082;T1083;T1087;T1102;T1140;T1200;T1213;T1480;T1498;T1528;T1531;T1558;T1565;T1570;T1583;T1587;T1612,T1003;T1016;T1018;T1021;T1053;T1059;T1070;T1078;T1090;T1098;T1105;T1136;T1190;T1555;T1562,T1587;T1087;T1027;T1016;T1565;T1562;T1083;T1105;T1036;T1053;T1140;T1102;T1078;T1570;T1090;T1583;T1018;T1082;T1047;T1213;T1200;T1612;T1531;T1498;T1558;T1528;T1480,Develop Capabilities;Account Discovery;Obfuscated Files or Information;System Network Configuration Discovery;Data Manipulation;Impair Defenses;File and Directory Discovery;Ingress Tool Transfer;Masquerading;Scheduled Task/Job;Deobfuscate/Decode Files or Information;Web Service;Valid Accounts;Lateral Tool Transfer;Proxy;Acquire Infrastructure;Remote System Discovery;System Information Discovery;Windows Management Instrumentation;Data from Information Repositories;Hardware Additions;Build Image on Host;Account Access Removal;Network Denial of Service;Steal or Forge Kerberos Tickets;Steal Application Access Token;Execution Guardrails
38,https://www.cisa.gov/news-events/cybersecurity-advisories/aa22-294a,138,11,9,21,3,18,6,0.142857,0.333333,0.2,T1078;T1550;T1567,T1003;T1098;T1190;T1486;T1563;T1598,T1006;T1021;T1027;T1029;T1036;T1083;T1119;T1124;T1213;T1480;T1482;T1498;T1528;T1531;T1548;T1553;T1586;T1587,T1003;T1078;T1098;T1190;T1486;T1550;T1563;T1567;T1598,T1587;T1586;T1119;T1213;T1078;T1021;T1550;T1006;T1083;T1036;T1567;T1027;T1531;T1498;T1124;T1482;T1528;T1480;T1548;T1029;T1553,Develop Capabilities;Compromise Accounts;Automated Collection;Data from Information Repositories;Valid Accounts;Remote Services;Use Alternate Authentication Material;Direct Volume Access;File and Directory Discovery;Masquerading;Exfiltration Over Web Service;Obfuscated Files or Information;Account Access Removal;Network Denial of Service;System Time Discovery;Domain Trust Discovery;Steal Application Access Token;Execution Guardrails;Abuse Elevation Control Mechanism;Scheduled Transfer;Subvert Trust Controls
39,https://www.cisa.gov/news-events/cybersecurity-advisories/aa22-277a,167,31,26,30,7,23,19,0.233333,0.269231,0.25,T1021;T1049;T1059;T1078;T1082;T1083;T1560,T1016;T1029;T1033;T1036;T1039;T1047;T1057;T1070;T1074;T1090;T1095;T1105;T1129;T1497;T1543;T1562;T1567;T1569;T1574,T1018;T1020;T1027;T1030;T1087;T1098;T1114;T1119;T1124;T1140;T1213;T1482;T1505;T1528;T1531;T1548;T1565;T1570;T1584;T1587;T1597;T1602;T1606,T1016;T1021;T1029;T1033;T1036;T1039;T1047;T1049;T1057;T1059;T1070;T1074;T1078;T1082;T1083;T1090;T1095;T1105;T1129;T1497;T1543;T1560;T1562;T1567;T1569;T1574,T1597;T1584;T1587;T1027;T1565;T1114;T1606;T1560;T1059;T1030;T1570;T1505;T1140;T1020;T1082;T1078;T1098;T1083;T1119;T1049;T1482;T1531;T1018;T1087;T1213;T1602;T1124;T1021;T1528;T1548,Search Closed Sources;Compromise Infrastructure;Develop Capabilities;Obfuscated Files or Information;Data Manipulation;Email Collection;Forge Web Credentials;Archive Collected Data;Command and Scripting Interpreter;Data Transfer Size Limits;Lateral Tool Transfer;Server Software Component;Deobfuscate/Decode Files or Information;Automated Exfiltration;System Information Discovery;Valid Accounts;Account Manipulation;File and Directory Discovery;Automated Collection;System Network Connections Discovery;Domain Trust Discovery;Account Access Removal;Remote System Discovery;Account Discovery;Data from Information Repositories;Data from Configuration Repository;System Time Discovery;Remote Services;Steal Application Access Token;Abuse Elevation Control Mechanism
40,https://www.cisa.gov/news-events/cybersecurity-advisories/aa22-257a,238,17,6,38,4,34,2,0.105263,0.666667,0.181818,T1053;T1136;T1190;T1588,T1486;T1560,T1016;T1018;T1020;T1021;T1027;T1029;T1041;T1059;T1078;T1083;T1087;T1090;T1114;T1119;T1137;T1140;T1199;T1203;T1213;T1219;T1482;T1491;T1496;T1498;T1518;T1531;T1534;T1548;T1550;T1553;T1565;T1574;T1584;T1587,T1053;T1136;T1190;T1486;T1560;T1588,T1531;T1587;T1565;T1588;T1584;T1203;T1199;T1496;T1090;T1041;T1482;T1016;T1491;T1083;T1059;T1053;T1078;T1087;T1136;T1020;T1534;T1114;T1029;T1140;T1190;T1137;T1574;T1213;T1498;T1548;T1550;T1021;T1518;T1219;T1553;T1018;T1119;T1027,Account Access Removal;Develop Capabilities;Data Manipulation;Obtain Capabilities;Compromise Infrastructure;Exploitation for Client Execution;Trusted Relationship;Resource Hijacking;Proxy;Exfiltration Over C2 Channel;Domain Trust Discovery;System Network Configuration Discovery;Defacement;File and Directory Discovery;Command and Scripting Interpreter;Scheduled Task/Job;Valid Accounts;Account Discovery;Create Account;Automated Exfiltration;Internal Spearphishing;Email Collection;Scheduled Transfer;Deobfuscate/Decode Files or Information;Exploit Public-Facing Application;Office Application Startup;Hijack Execution Flow;Data from Information Repositories;Network Denial of Service;Abuse Elevation Control Mechanism;Use Alternate Authentication Material;Remote Services;Software Discovery;Remote Access Software;Subvert Trust Controls;Remote System Discovery;Automated Collection;Obfuscated Files or Information
41,https://www.cisa.gov/news-events/cybersecurity-advisories/aa22-249a,115,15,14,20,3,17,11,0.15,0.214286,0.176471,T1053;T1068;T1531,T1036;T1047;T1055;T1078;T1080;T1190;T1486;T1497;T1543;T1547;T1574,T1021;T1029;T1119;T1124;T1136;T1140;T1213;T1482;T1518;T1528;T1530;T1548;T1553;T1586;T1587;T1588;T1589,T1036;T1047;T1053;T1055;T1068;T1078;T1080;T1190;T1486;T1497;T1531;T1543;T1547;T1574,T1587;T1586;T1531;T1119;T1530;T1589;T1588;T1068;T1053;T1140;T1124;T1528;T1213;T1136;T1548;T1482;T1518;T1021;T1029;T1553,Develop Capabilities;Compromise Accounts;Account Access Removal;Automated Collection;Data from Cloud Storage Object;Gather Victim Identity Information;Obtain Capabilities;Exploitation for Privilege Escalation;Scheduled Task/Job;Deobfuscate/Decode Files or Information;System Time Discovery;Steal Application Access Token;Data from Information Repositories;Create Account;Abuse Elevation Control Mechanism;Domain Trust Discovery;Software Discovery;Remote Services;Scheduled Transfer;Subvert Trust Controls
42,https://www.cisa.gov/news-events/cybersecurity-advisories/aa22-249a-0,117,15,14,21,3,18,11,0.142857,0.214286,0.171429,T1053;T1068;T1531,T1036;T1047;T1055;T1078;T1080;T1190;T1486;T1497;T1543;T1547;T1574,T1021;T1027;T1029;T1119;T1124;T1136;T1140;T1213;T1482;T1498;T1528;T1530;T1548;T1553;T1586;T1587;T1588;T1589,T1036;T1047;T1053;T1055;T1068;T1078;T1080;T1190;T1486;T1497;T1531;T1543;T1547;T1574,T1531;T1587;T1586;T1119;T1530;T1589;T1027;T1588;T1068;T1053;T1140;T1213;T1124;T1528;T1136;T1548;T1498;T1482;T1021;T1029;T1553,Account Access Removal;Develop Capabilities;Compromise Accounts;Automated Collection;Data from Cloud Storage Object;Gather Victim Identity Information;Obfuscated Files or Information;Obtain Capabilities;Exploitation for Privilege Escalation;Scheduled Task/Job;Deobfuscate/Decode Files or Information;Data from Information Repositories;System Time Discovery;Steal Application Access Token;Create Account;Abuse Elevation Control Mechanism;Network Denial of Service;Domain Trust Discovery;Remote Services;Scheduled Transfer;Subvert Trust Controls
43,https://www.cisa.gov/news-events/cybersecurity-advisories/aa22-223a,93,9,6,18,1,17,5,0.055556,0.166667,0.083333,T1486,T1133;T1190;T1204;T1543;T1566,T1020;T1027;T1029;T1059;T1136;T1140;T1211;T1213;T1482;T1498;T1531;T1548;T1553;T1571;T1586;T1587;T1613,T1133;T1190;T1204;T1486;T1543;T1566,T1213;T1531;T1587;T1586;T1027;T1029;T1211;T1613;T1059;T1020;T1486;T1140;T1571;T1136;T1548;T1482;T1498;T1553,Data from Information Repositories;Account Access Removal;Develop Capabilities;Compromise Accounts;Obfuscated Files or Information;Scheduled Transfer;Exploitation for Defense Evasion;Container and Resource Discovery;Command and Scripting Interpreter;Automated Exfiltration;Data Encrypted for Impact;Deobfuscate/Decode Files or Information;Non-Standard Port;Create Account;Abuse Elevation Control Mechanism;Domain Trust Discovery;Network Denial of Service;Subvert Trust Controls
44,https://www.cisa.gov/news-events/cybersecurity-advisories/aa22-181a,88,6,6,15,3,12,3,0.2,0.5,0.285714,T1059;T1486;T1562,T1133;T1490;T1566,T1016;T1136;T1213;T1482;T1498;T1531;T1548;T1560;T1568;T1583;T1586;T1587,T1059;T1133;T1486;T1490;T1562;T1566,T1531;T1587;T1586;T1486;T1560;T1568;T1059;T1016;T1562;T1482;T1583;T1213;T1498;T1136;T1548,Account Access Removal;Develop Capabilities;Compromise Accounts;Data Encrypted for Impact;Archive Collected Data;Dynamic Resolution;Command and Scripting Interpreter;System Network Configuration Discovery;Impair Defenses;Domain Trust Discovery;Acquire Infrastructure;Data from Information Repositories;Network Denial of Service;Create Account;Abuse Elevation Control Mechanism
45,https://www.cisa.gov/news-events/cybersecurity-advisories/aa22-174a,158,22,13,28,7,21,6,0.25,0.538462,0.341463,T1036;T1053;T1059;T1090;T1105;T1190;T1573,T1021;T1056;T1071;T1505;T1560;T1571,T1008;T1020;T1027;T1041;T1068;T1078;T1083;T1102;T1114;T1140;T1202;T1211;T1213;T1498;T1531;T1569;T1583;T1587;T1597;T1608;T1612,T1021;T1036;T1053;T1056;T1059;T1071;T1090;T1105;T1190;T1505;T1560;T1571;T1573,T1587;T1190;T1059;T1583;T1020;T1083;T1036;T1068;T1090;T1053;T1027;T1211;T1597;T1105;T1608;T1078;T1041;T1008;T1140;T1202;T1573;T1569;T1213;T1612;T1531;T1498;T1102;T1114,Develop Capabilities;Exploit Public-Facing Application;Command and Scripting Interpreter;Acquire Infrastructure;Automated Exfiltration;File and Directory Discovery;Masquerading;Exploitation for Privilege Escalation;Proxy;Scheduled Task/Job;Obfuscated Files or Information;Exploitation for Defense Evasion;Search Closed Sources;Ingress Tool Transfer;Stage Capabilities;Valid Accounts;Exfiltration Over C2 Channel;Fallback Channels;Deobfuscate/Decode Files or Information;Indirect Command Execution;Encrypted Channel;System Services;Data from Information Repositories;Build Image on Host;Account Access Removal;Network Denial of Service;Web Service;Email Collection
46,https://www.cisa.gov/news-events/cybersecurity-advisories/aa22-158a,174,12,10,22,5,17,5,0.227273,0.5,0.3125,T1016;T1119;T1190;T1572;T1599,T1020;T1078;T1133;T1555;T1595,T1046;T1049;T1114;T1129;T1199;T1205;T1213;T1482;T1498;T1518;T1531;T1553;T1565;T1583;T1587;T1598;T1602,T1016;T1020;T1078;T1119;T1133;T1190;T1555;T1572;T1595;T1599,T1213;T1587;T1565;T1190;T1583;T1046;T1199;T1119;T1602;T1572;T1016;T1205;T1049;T1129;T1531;T1498;T1482;T1114;T1598;T1599;T1553;T1518,Data from Information Repositories;Develop Capabilities;Data Manipulation;Exploit Public-Facing Application;Acquire Infrastructure;Network Service Discovery;Trusted Relationship;Automated Collection;Data from Configuration Repository;Protocol Tunneling;System Network Configuration Discovery;Traffic Signaling;System Network Connections Discovery;Shared Modules;Account Access Removal;Network Denial of Service;Domain Trust Discovery;Email Collection;Phishing for Information;Network Boundary Bridging;Subvert Trust Controls;Software Discovery
47,https://www.cisa.gov/news-events/cybersecurity-advisories/aa22-152a,111,13,10,21,2,19,8,0.095238,0.2,0.129032,T1190;T1566,T1048;T1078;T1083;T1133;T1219;T1567;T1589;T1591,T1020;T1029;T1049;T1102;T1114;T1119;T1136;T1207;T1213;T1491;T1531;T1548;T1552;T1562;T1568;T1583;T1587;T1588;T1599,T1048;T1078;T1083;T1133;T1190;T1219;T1566;T1567;T1589;T1591,T1531;T1119;T1029;T1114;T1020;T1583;T1102;T1588;T1207;T1552;T1190;T1491;T1562;T1049;T1568;T1566;T1599;T1587;T1213;T1136;T1548,Account Access Removal;Automated Collection;Scheduled Transfer;Email Collection;Automated Exfiltration;Acquire Infrastructure;Web Service;Obtain Capabilities;Rogue Domain Controller;Unsecured Credentials;Exploit Public-Facing Application;Defacement;Impair Defenses;System Network Connections Discovery;Dynamic Resolution;Phishing;Network Boundary Bridging;Develop Capabilities;Data from Information Repositories;Create Account;Abuse Elevation Control Mechanism
48,https://www.cisa.gov/news-events/cybersecurity-advisories/aa22-138b,241,23,13,35,10,25,3,0.285714,0.769231,0.416667,T1059;T1068;T1070;T1071;T1090;T1105;T1222;T1505;T1560;T1588,T1003;T1203;T1573,T1001;T1016;T1021;T1027;T1029;T1033;T1041;T1082;T1083;T1102;T1106;T1140;T1190;T1195;T1204;T1213;T1221;T1482;T1491;T1498;T1518;T1553;T1584;T1587;T1614,T1003;T1059;T1068;T1070;T1071;T1090;T1105;T1203;T1222;T1505;T1560;T1573;T1588,T1190;T1221;T1584;T1588;T1587;T1195;T1068;T1560;T1059;T1105;T1505;T1102;T1071;T1070;T1041;T1033;T1001;T1027;T1090;T1222;T1016;T1021;T1083;T1140;T1498;T1518;T1106;T1614;T1082;T1553;T1213;T1491;T1482;T1204;T1029,Exploit Public-Facing Application;Template Injection;Compromise Infrastructure;Obtain Capabilities;Develop Capabilities;Supply Chain Compromise;Exploitation for Privilege Escalation;Archive Collected Data;Command and Scripting Interpreter;Ingress Tool Transfer;Server Software Component;Web Service;Application Layer Protocol;Indicator Removal on Host;Exfiltration Over C2 Channel;System Owner/User Discovery;Data Obfuscation;Obfuscated Files or Information;Proxy;File and Directory Permissions Modification;System Network Configuration Discovery;Remote Services;File and Directory Discovery;Deobfuscate/Decode Files or Information;Network Denial of Service;Software Discovery;Native API;System Location Discovery;System Information Discovery;Subvert Trust Controls;Data from Information Repositories;Defacement;Domain Trust Discovery;User Execution;Scheduled Transfer
49,https://www.cisa.gov/news-events/cybersecurity-advisories/aa22-108a,214,0,0,29,0,29,0,0.0,0.0,0.0,,,T1014;T1020;T1027;T1029;T1036;T1059;T1071;T1102;T1104;T1136;T1140;T1189;T1190;T1204;T1213;T1218;T1480;T1482;T1528;T1531;T1553;T1565;T1566;T1573;T1583;T1586;T1587;T1588;T1591,,T1029;T1587;T1588;T1591;T1204;T1553;T1189;T1566;T1036;T1027;T1059;T1020;T1102;T1583;T1136;T1573;T1104;T1140;T1586;T1071;T1213;T1528;T1531;T1482;T1014;T1218;T1480;T1190;T1565,Scheduled Transfer;Develop Capabilities;Obtain Capabilities;Gather Victim Org Information;User Execution;Subvert Trust Controls;Drive-by Compromise;Phishing;Masquerading;Obfuscated Files or Information;Command and Scripting Interpreter;Automated Exfiltration;Web Service;Acquire Infrastructure;Create Account;Encrypted Channel;Multi-Stage Channels;Deobfuscate/Decode Files or Information;Compromise Accounts;Application Layer Protocol;Data from Information Repositories;Steal Application Access Token;Account Access Removal;Domain Trust Discovery;Rootkit;System Binary Proxy Execution;Execution Guardrails;Exploit Public-Facing Application;Data Manipulation
50,https://www.cisa.gov/news-events/cybersecurity-advisories/aa22-103a,103,39,0,18,0,18,0,0.0,0.0,0.0,,,T1021;T1029;T1046;T1071;T1110;T1119;T1124;T1189;T1195;T1213;T1480;T1495;T1529;T1531;T1553;T1570;T1571;T1587,,T1531;T1587;T1021;T1119;T1195;T1071;T1046;T1110;T1529;T1495;T1570;T1213;T1571;T1124;T1480;T1189;T1553;T1029,Account Access Removal;Develop Capabilities;Remote Services;Automated Collection;Supply Chain Compromise;Application Layer Protocol;Network Service Discovery;Brute Force;System Shutdown/Reboot;Firmware Corruption;Lateral Tool Transfer;Data from Information Repositories;Non-Standard Port;System Time Discovery;Execution Guardrails;Drive-by Compromise;Subvert Trust Controls;Scheduled Transfer
51,https://www.cisa.gov/news-events/cybersecurity-advisories/aa22-083a,154,85,34,21,3,18,31,0.142857,0.088235,0.109091,T1059;T1083;T1584,T1003;T1005;T1016;T1018;T1021;T1033;T1036;T1053;T1055;T1056;T1057;T1070;T1078;T1082;T1087;T1105;T1110;T1112;T1113;T1132;T1133;T1136;T1187;T1505;T1547;T1555;T1560;T1569;T1570;T1589;T1598,T1006;T1069;T1071;T1119;T1124;T1195;T1213;T1218;T1480;T1482;T1498;T1531;T1550;T1553;T1557;T1587;T1597;T1610,T1003;T1005;T1016;T1018;T1021;T1033;T1036;T1053;T1055;T1056;T1057;T1059;T1070;T1078;T1082;T1083;T1087;T1105;T1110;T1112;T1113;T1132;T1133;T1136;T1187;T1505;T1547;T1555;T1560;T1569;T1570;T1584;T1589;T1598,T1531;T1587;T1553;T1597;T1584;T1071;T1083;T1213;T1195;T1059;T1610;T1550;T1482;T1069;T1480;T1006;T1498;T1124;T1557;T1119;T1218,Account Access Removal;Develop Capabilities;Subvert Trust Controls;Search Closed Sources;Compromise Infrastructure;Application Layer Protocol;File and Directory Discovery;Data from Information Repositories;Supply Chain Compromise;Command and Scripting Interpreter;Deploy Container;Use Alternate Authentication Material;Domain Trust Discovery;Permission Groups Discovery;Execution Guardrails;Direct Volume Access;Network Denial of Service;System Time Discovery;Adversary-in-the-Middle;Automated Collection;System Binary Proxy Execution
52,https://www.cisa.gov/news-events/cybersecurity-advisories/aa22-074a,107,17,9,19,2,17,7,0.105263,0.222222,0.142857,T1068;T1078,T1003;T1018;T1110;T1112;T1133;T1556;T1560,T1016;T1021;T1027;T1029;T1049;T1087;T1098;T1124;T1213;T1482;T1498;T1531;T1535;T1550;T1564;T1565;T1587,T1003;T1018;T1068;T1078;T1110;T1112;T1133;T1556;T1560,T1078;T1068;T1587;T1550;T1482;T1565;T1535;T1098;T1564;T1087;T1027;T1016;T1021;T1531;T1029;T1213;T1124;T1498;T1049,Valid Accounts;Exploitation for Privilege Escalation;Develop Capabilities;Use Alternate Authentication Material;Domain Trust Discovery;Data Manipulation;Unused/Unsupported Cloud Regions;Account Manipulation;Hide Artifacts;Account Discovery;Obfuscated Files or Information;System Network Configuration Discovery;Remote Services;Account Access Removal;Scheduled Transfer;Data from Information Repositories;System Time Discovery;Network Denial of Service;System Network Connections Discovery
53,https://www.cisa.gov/news-events/cybersecurity-advisories/aa22-055a,222,63,44,37,21,16,23,0.567568,0.477273,0.518519,T1016;T1027;T1036;T1041;T1047;T1049;T1053;T1059;T1071;T1082;T1083;T1105;T1132;T1140;T1204;T1218;T1518;T1547;T1548;T1566;T1588,T1001;T1003;T1005;T1033;T1057;T1087;T1090;T1102;T1104;T1113;T1137;T1203;T1219;T1480;T1552;T1555;T1559;T1560;T1562;T1572;T1574;T1583;T1589,T1008;T1012;T1021;T1048;T1070;T1119;T1129;T1213;T1482;T1528;T1531;T1553;T1568;T1573;T1587;T1622,T1001;T1003;T1005;T1016;T1027;T1033;T1036;T1041;T1047;T1049;T1053;T1057;T1059;T1071;T1082;T1083;T1087;T1090;T1102;T1104;T1105;T1113;T1132;T1137;T1140;T1203;T1204;T1218;T1219;T1480;T1518;T1547;T1548;T1552;T1555;T1559;T1560;T1562;T1566;T1572;T1574;T1583;T1588;T1589,T1587;T1482;T1531;T1213;T1036;T1588;T1027;T1566;T1204;T1129;T1547;T1568;T1059;T1218;T1082;T1048;T1070;T1071;T1012;T1049;T1119;T1047;T1132;T1573;T1548;T1518;T1528;T1553;T1140;T1021;T1083;T1105;T1053;T1041;T1622;T1008;T1016,Develop Capabilities;Domain Trust Discovery;Account Access Removal;Data from Information Repositories;Masquerading;Obtain Capabilities;Obfuscated Files or Information;Phishing;User Execution;Shared Modules;Boot or Logon Autostart Execution;Dynamic Resolution;Command and Scripting Interpreter;System Binary Proxy Execution;System Information Discovery;Exfiltration Over Alternative Protocol;Indicator Removal on Host;Application Layer Protocol;Query Registry;System Network Connections Discovery;Automated Collection;Windows Management Instrumentation;Data Encoding;Encrypted Channel;Abuse Elevation Control Mechanism;Software Discovery;Steal Application Access Token;Subvert Trust Controls;Deobfuscate/Decode Files or Information;Remote Services;File and Directory Discovery;Ingress Tool Transfer;Scheduled Task/Job;Exfiltration Over C2 Channel;Debugger Evasion;Fallback Channels;System Network Configuration Discovery
54,https://www.cisa.gov/news-events/cybersecurity-advisories/aa22-054a,100,15,15,13,4,9,11,0.307692,0.266667,0.285714,T1090;T1129;T1542;T1573,T1008;T1036;T1037;T1041;T1059;T1071;T1082;T1132;T1133;T1562;T1571,T1027;T1482;T1498;T1528;T1531;T1553;T1565;T1587;T1588,T1008;T1036;T1037;T1041;T1059;T1071;T1082;T1090;T1129;T1132;T1133;T1542;T1562;T1571;T1573,T1588;T1587;T1129;T1027;T1542;T1573;T1090;T1531;T1498;T1528;T1482;T1565;T1553,Obtain Capabilities;Develop Capabilities;Shared Modules;Obfuscated Files or Information;Pre-OS Boot;Encrypted Channel;Proxy;Account Access Removal;Network Denial of Service;Steal Application Access Token;Domain Trust Discovery;Data Manipulation;Subvert Trust Controls
55,https://www.cisa.gov/news-events/cybersecurity-advisories/aa22-047a,289,27,13,35,7,28,6,0.2,0.538462,0.291667,T1003;T1027;T1078;T1083;T1090;T1213;T1482,T1110;T1114;T1133;T1190;T1566;T1589,T1020;T1021;T1049;T1057;T1059;T1070;T1087;T1119;T1124;T1201;T1211;T1498;T1518;T1528;T1530;T1531;T1534;T1535;T1542;T1550;T1553;T1562;T1565;T1580;T1587;T1606;T1610;T1622,T1003;T1027;T1078;T1083;T1090;T1110;T1114;T1133;T1190;T1213;T1482;T1566;T1589,T1531;T1213;T1587;T1211;T1119;T1020;T1565;T1535;T1027;T1534;T1606;T1003;T1090;T1610;T1580;T1057;T1201;T1482;T1087;T1550;T1528;T1542;T1059;T1070;T1498;T1049;T1518;T1124;T1530;T1021;T1553;T1078;T1622;T1562;T1083,Account Access Removal;Data from Information Repositories;Develop Capabilities;Exploitation for Defense Evasion;Automated Collection;Automated Exfiltration;Data Manipulation;Unused/Unsupported Cloud Regions;Obfuscated Files or Information;Internal Spearphishing;Forge Web Credentials;OS Credential Dumping;Proxy;Deploy Container;Cloud Infrastructure Discovery;Process Discovery;Password Policy Discovery;Domain Trust Discovery;Account Discovery;Use Alternate Authentication Material;Steal Application Access Token;Pre-OS Boot;Command and Scripting Interpreter;Indicator Removal on Host;Network Denial of Service;System Network Connections Discovery;Software Discovery;System Time Discovery;Data from Cloud Storage Object;Remote Services;Subvert Trust Controls;Valid Accounts;Debugger Evasion;Impair Defenses;File and Directory Discovery
56,https://www.cisa.gov/news-events/cybersecurity-advisories/aa22-040a,173,0,0,25,0,25,0,0.0,0.0,0.0,,,T1021;T1029;T1087;T1119;T1124;T1189;T1190;T1213;T1480;T1482;T1491;T1498;T1518;T1528;T1530;T1531;T1535;T1550;T1553;T1573;T1578;T1580;T1587;T1589;T1615,,T1531;T1587;T1189;T1021;T1491;T1119;T1029;T1589;T1580;T1578;T1530;T1482;T1213;T1498;T1124;T1528;T1480;T1087;T1573;T1518;T1535;T1550;T1190;T1615;T1553,Account Access Removal;Develop Capabilities;Drive-by Compromise;Remote Services;Defacement;Automated Collection;Scheduled Transfer;Gather Victim Identity Information;Cloud Infrastructure Discovery;Modify Cloud Compute Infrastructure;Data from Cloud Storage Object;Domain Trust Discovery;Data from Information Repositories;Network Denial of Service;System Time Discovery;Steal Application Access Token;Execution Guardrails;Account Discovery;Encrypted Channel;Software Discovery;Unused/Unsupported Cloud Regions;Use Alternate Authentication Material;Exploit Public-Facing Application;Group Policy Discovery;Subvert Trust Controls
57,https://www.cisa.gov/news-events/cybersecurity-advisories/aa22-011a,223,22,14,23,2,21,12,0.086957,0.142857,0.108108,T1558;T1587,T1003;T1059;T1078;T1090;T1110;T1190;T1195;T1212;T1552;T1555;T1595;T1598,T1029;T1049;T1057;T1087;T1119;T1124;T1200;T1201;T1213;T1480;T1482;T1498;T1505;T1528;T1531;T1535;T1553;T1584;T1597;T1602;T1608,T1003;T1059;T1078;T1090;T1110;T1190;T1195;T1212;T1552;T1555;T1558;T1587;T1595;T1598,T1531;T1587;T1213;T1119;T1200;T1505;T1584;T1597;T1608;T1057;T1535;T1201;T1087;T1124;T1029;T1602;T1528;T1480;T1558;T1482;T1498;T1049;T1553,Account Access Removal;Develop Capabilities;Data from Information Repositories;Automated Collection;Hardware Additions;Server Software Component;Compromise Infrastructure;Search Closed Sources;Stage Capabilities;Process Discovery;Unused/Unsupported Cloud Regions;Password Policy Discovery;Account Discovery;System Time Discovery;Scheduled Transfer;Data from Configuration Repository;Steal Application Access Token;Execution Guardrails;Steal or Forge Kerberos Tickets;Domain Trust Discovery;Network Denial of Service;System Network Connections Discovery;Subvert Trust Controls
58,https://www.cisa.gov/news-events/cybersecurity-advisories/aa21-321a,148,17,6,32,3,29,3,0.09375,0.5,0.157895,T1053;T1136;T1588,T1190;T1486;T1560,T1016;T1021;T1046;T1047;T1049;T1059;T1087;T1114;T1119;T1124;T1140;T1213;T1218;T1219;T1491;T1496;T1498;T1505;T1518;T1531;T1534;T1548;T1552;T1565;T1571;T1584;T1585;T1587;T1608,T1053;T1136;T1190;T1486;T1560;T1588,T1587;T1531;T1588;T1565;T1046;T1608;T1585;T1496;T1119;T1047;T1491;T1584;T1059;T1053;T1124;T1218;T1087;T1571;T1552;T1534;T1114;T1140;T1505;T1213;T1498;T1136;T1548;T1021;T1049;T1518;T1219;T1016,Develop Capabilities;Account Access Removal;Obtain Capabilities;Data Manipulation;Network Service Discovery;Stage Capabilities;Establish Accounts;Resource Hijacking;Automated Collection;Windows Management Instrumentation;Defacement;Compromise Infrastructure;Command and Scripting Interpreter;Scheduled Task/Job;System Time Discovery;System Binary Proxy Execution;Account Discovery;Non-Standard Port;Unsecured Credentials;Internal Spearphishing;Email Collection;Deobfuscate/Decode Files or Information;Server Software Component;Data from Information Repositories;Network Denial of Service;Create Account;Abuse Elevation Control Mechanism;Remote Services;System Network Connections Discovery;Software Discovery;Remote Access Software;System Network Configuration Discovery
59,https://www.cisa.gov/news-events/cybersecurity-advisories/aa21-291a,116,15,9,22,3,19,6,0.136364,0.333333,0.193548,T1018;T1021;T1486,T1003;T1007;T1057;T1133;T1561;T1567,T1027;T1029;T1036;T1049;T1135;T1190;T1213;T1480;T1482;T1490;T1497;T1498;T1528;T1531;T1550;T1553;T1558;T1587;T1591,T1003;T1007;T1018;T1021;T1057;T1133;T1486;T1561;T1567,T1531;T1587;T1018;T1036;T1497;T1027;T1135;T1486;T1490;T1498;T1528;T1482;T1021;T1049;T1029;T1213;T1190;T1591;T1480;T1550;T1558;T1553,Account Access Removal;Develop Capabilities;Remote System Discovery;Masquerading;Virtualization/Sandbox Evasion;Obfuscated Files or Information;Network Share Discovery;Data Encrypted for Impact;Inhibit System Recovery;Network Denial of Service;Steal Application Access Token;Domain Trust Discovery;Remote Services;System Network Connections Discovery;Scheduled Transfer;Data from Information Repositories;Exploit Public-Facing Application;Gather Victim Org Information;Execution Guardrails;Use Alternate Authentication Material;Steal or Forge Kerberos Tickets;Subvert Trust Controls
60,https://www.cisa.gov/news-events/cybersecurity-advisories/aa21-287a,149,3,2,20,0,20,2,0.0,0.0,0.0,,T1210;T1566,T1007;T1021;T1049;T1078;T1087;T1124;T1200;T1213;T1219;T1482;T1495;T1526;T1528;T1531;T1553;T1560;T1565;T1587;T1593;T1602,T1210;T1566,T1531;T1021;T1587;T1565;T1482;T1495;T1087;T1560;T1078;T1007;T1124;T1219;T1049;T1200;T1213;T1528;T1526;T1593;T1602;T1553,Account Access Removal;Remote Services;Develop Capabilities;Data Manipulation;Domain Trust Discovery;Firmware Corruption;Account Discovery;Archive Collected Data;Valid Accounts;System Service Discovery;System Time Discovery;Remote Access Software;System Network Connections Discovery;Hardware Additions;Data from Information Repositories;Steal Application Access Token;Cloud Service Discovery;Search Open Websites/Domains;Data from Configuration Repository;Subvert Trust Controls
61,https://www.cisa.gov/news-events/cybersecurity-advisories/aa21-201a,135,11,5,22,2,20,3,0.090909,0.4,0.148148,T1213;T1566,T1120;T1204;T1598,T1001;T1020;T1021;T1083;T1119;T1124;T1140;T1480;T1482;T1528;T1531;T1552;T1557;T1565;T1584;T1587;T1591;T1597;T1599;T1602,T1120;T1204;T1213;T1566;T1598,T1587;T1602;T1584;T1597;T1565;T1566;T1599;T1591;T1213;T1083;T1552;T1021;T1020;T1001;T1140;T1119;T1531;T1482;T1480;T1528;T1124;T1557,Develop Capabilities;Data from Configuration Repository;Compromise Infrastructure;Search Closed Sources;Data Manipulation;Phishing;Network Boundary Bridging;Gather Victim Org Information;Data from Information Repositories;File and Directory Discovery;Unsecured Credentials;Remote Services;Automated Exfiltration;Data Obfuscation;Deobfuscate/Decode Files or Information;Automated Collection;Account Access Removal;Domain Trust Discovery;Execution Guardrails;Steal Application Access Token;System Time Discovery;Adversary-in-the-Middle
62,https://www.cisa.gov/news-events/cybersecurity-advisories/aa21-200a,82,42,20,12,2,10,18,0.166667,0.1,0.125,T1027;T1190,T1001;T1041;T1059;T1074;T1078;T1090;T1133;T1189;T1203;T1204;T1534;T1560;T1566;T1572;T1583;T1585;T1586;T1589,T1049;T1119;T1213;T1482;T1498;T1505;T1531;T1568;T1570;T1587,T1001;T1027;T1041;T1059;T1074;T1078;T1090;T1133;T1189;T1190;T1203;T1204;T1534;T1560;T1566;T1572;T1583;T1585;T1586;T1589,T1587;T1570;T1568;T1027;T1498;T1213;T1531;T1482;T1049;T1190;T1505;T1119,Develop Capabilities;Lateral Tool Transfer;Dynamic Resolution;Obfuscated Files or Information;Network Denial of Service;Data from Information Repositories;Account Access Removal;Domain Trust Discovery;System Network Connections Discovery;Exploit Public-Facing Application;Server Software Component;Automated Collection
63,https://www.cisa.gov/news-events/cybersecurity-advisories/aa21-200b,120,80,41,19,4,15,37,0.210526,0.097561,0.133333,T1059;T1090;T1114;T1190,T1003;T1018;T1027;T1046;T1053;T1055;T1057;T1069;T1070;T1071;T1074;T1078;T1083;T1105;T1115;T1133;T1140;T1189;T1204;T1210;T1212;T1218;T1484;T1505;T1543;T1556;T1560;T1564;T1566;T1571;T1572;T1574;T1583;T1588;T1590;T1595;T1608,T1049;T1119;T1205;T1213;T1482;T1531;T1546;T1553;T1568;T1573;T1586;T1587;T1593;T1610;T1622,T1003;T1018;T1027;T1046;T1053;T1055;T1057;T1059;T1069;T1070;T1071;T1074;T1078;T1083;T1090;T1105;T1114;T1115;T1133;T1140;T1189;T1190;T1204;T1210;T1212;T1218;T1484;T1505;T1543;T1556;T1560;T1564;T1566;T1571;T1572;T1574;T1583;T1588;T1590;T1595;T1608,T1587;T1049;T1586;T1190;T1573;T1090;T1610;T1568;T1119;T1482;T1213;T1531;T1553;T1205;T1593;T1546;T1622;T1059;T1114,Develop Capabilities;System Network Connections Discovery;Compromise Accounts;Exploit Public-Facing Application;Encrypted Channel;Proxy;Deploy Container;Dynamic Resolution;Automated Collection;Domain Trust Discovery;Data from Information Repositories;Account Access Removal;Subvert Trust Controls;Traffic Signaling;Search Open Websites/Domains;Event Triggered Execution;Debugger Evasion;Command and Scripting Interpreter;Email Collection
64,https://www.cisa.gov/news-events/cybersecurity-advisories/aa21-148a,180,5,4,22,0,22,4,0.0,0.0,0.0,,T1055;T1105;T1204;T1566,T1005;T1016;T1027;T1029;T1036;T1041;T1102;T1119;T1137;T1205;T1213;T1218;T1480;T1498;T1531;T1550;T1560;T1587;T1588;T1598;T1610;T1614,T1055;T1105;T1204;T1566,T1587;T1588;T1027;T1560;T1036;T1102;T1016;T1598;T1610;T1218;T1029;T1041;T1614;T1531;T1550;T1498;T1119;T1005;T1480;T1137;T1213;T1205,Develop Capabilities;Obtain Capabilities;Obfuscated Files or Information;Archive Collected Data;Masquerading;Web Service;System Network Configuration Discovery;Phishing for Information;Deploy Container;System Binary Proxy Execution;Scheduled Transfer;Exfiltration Over C2 Channel;System Location Discovery;Account Access Removal;Use Alternate Authentication Material;Network Denial of Service;Automated Collection;Data from Local System;Execution Guardrails;Office Application Startup;Data from Information Repositories;Traffic Signaling
65,https://www.cisa.gov/news-events/cybersecurity-advisories/aa21-131a,132,6,4,20,2,18,2,0.1,0.5,0.166667,T1190;T1486,T1133;T1566,T1027;T1029;T1082;T1090;T1104;T1134;T1137;T1140;T1204;T1213;T1480;T1482;T1490;T1498;T1531;T1587;T1602;T1612,T1133;T1190;T1486;T1566,T1587;T1602;T1190;T1204;T1490;T1082;T1027;T1104;T1486;T1090;T1482;T1213;T1498;T1480;T1137;T1612;T1134;T1531;T1140;T1029,Develop Capabilities;Data from Configuration Repository;Exploit Public-Facing Application;User Execution;Inhibit System Recovery;System Information Discovery;Obfuscated Files or Information;Multi-Stage Channels;Data Encrypted for Impact;Proxy;Domain Trust Discovery;Data from Information Repositories;Network Denial of Service;Execution Guardrails;Office Application Startup;Build Image on Host;Access Token Manipulation;Account Access Removal;Deobfuscate/Decode Files or Information;Scheduled Transfer
66,https://www.cisa.gov/news-events/cybersecurity-advisories/aa21-076a,113,57,37,18,5,13,32,0.277778,0.135135,0.181818,T1041;T1059;T1071;T1185;T1204,T1005;T1007;T1008;T1016;T1018;T1027;T1033;T1036;T1053;T1055;T1056;T1069;T1082;T1083;T1087;T1105;T1106;T1112;T1132;T1140;T1482;T1496;T1543;T1552;T1553;T1555;T1562;T1566;T1570;T1571;T1573;T1592,T1003;T1049;T1114;T1119;T1189;T1205;T1213;T1498;T1531;T1587;T1598;T1615;T1622,T1005;T1007;T1008;T1016;T1018;T1027;T1033;T1036;T1041;T1053;T1055;T1056;T1059;T1069;T1071;T1082;T1083;T1087;T1105;T1106;T1112;T1132;T1140;T1185;T1204;T1482;T1496;T1543;T1552;T1553;T1555;T1562;T1566;T1570;T1571;T1573;T1592,T1587;T1189;T1119;T1204;T1598;T1059;T1185;T1041;T1622;T1003;T1049;T1205;T1498;T1071;T1213;T1531;T1615;T1114,Develop Capabilities;Drive-by Compromise;Automated Collection;User Execution;Phishing for Information;Command and Scripting Interpreter;Browser Session Hijacking;Exfiltration Over C2 Channel;Debugger Evasion;OS Credential Dumping;System Network Connections Discovery;Traffic Signaling;Network Denial of Service;Application Layer Protocol;Data from Information Repositories;Account Access Removal;Group Policy Discovery;Email Collection
67,https://www.cisa.gov/news-events/cybersecurity-advisories/aa21-048a,484,33,16,39,13,26,3,0.333333,0.8125,0.472727,T1027;T1053;T1059;T1071;T1204;T1543;T1547;T1564;T1566;T1573;T1583;T1587;T1588,T1033;T1041;T1548,T1020;T1021;T1029;T1036;T1049;T1070;T1083;T1102;T1104;T1119;T1140;T1189;T1195;T1203;T1213;T1218;T1222;T1480;T1485;T1518;T1531;T1553;T1554;T1565;T1591;T1600,T1027;T1033;T1041;T1053;T1059;T1071;T1204;T1543;T1547;T1548;T1564;T1566;T1573;T1583;T1587;T1588,T1587;T1204;T1588;T1036;T1189;T1119;T1195;T1059;T1583;T1021;T1553;T1218;T1070;T1020;T1543;T1564;T1573;T1140;T1083;T1480;T1027;T1053;T1547;T1600;T1203;T1554;T1222;T1071;T1102;T1104;T1518;T1485;T1566;T1565;T1531;T1029;T1049;T1213;T1591,Develop Capabilities;User Execution;Obtain Capabilities;Masquerading;Drive-by Compromise;Automated Collection;Supply Chain Compromise;Command and Scripting Interpreter;Acquire Infrastructure;Remote Services;Subvert Trust Controls;System Binary Proxy Execution;Indicator Removal on Host;Automated Exfiltration;Create or Modify System Process;Hide Artifacts;Encrypted Channel;Deobfuscate/Decode Files or Information;File and Directory Discovery;Execution Guardrails;Obfuscated Files or Information;Scheduled Task/Job;Boot or Logon Autostart Execution;Weaken Encryption;Exploitation for Client Execution;Compromise Client Software Binary;File and Directory Permissions Modification;Application Layer Protocol;Web Service;Multi-Stage Channels;Software Discovery;Data Destruction;Phishing;Data Manipulation;Account Access Removal;Scheduled Transfer;System Network Connections Discovery;Data from Information Repositories;Gather Victim Org Information
68,https://www.cisa.gov/news-events/cybersecurity-advisories/aa21-008a,246,8,2,28,0,28,2,0.0,0.0,0.0,,T1110;T1552,T1007;T1010;T1016;T1018;T1020;T1033;T1040;T1057;T1069;T1087;T1106;T1114;T1119;T1199;T1213;T1482;T1518;T1528;T1531;T1535;T1538;T1548;T1550;T1571;T1578;T1580;T1587;T1588,T1110;T1552,T1587;T1580;T1020;T1588;T1535;T1518;T1482;T1531;T1528;T1119;T1571;T1007;T1087;T1018;T1106;T1114;T1010;T1538;T1016;T1550;T1040;T1199;T1578;T1069;T1033;T1548;T1057;T1213,Develop Capabilities;Cloud Infrastructure Discovery;Automated Exfiltration;Obtain Capabilities;Unused/Unsupported Cloud Regions;Software Discovery;Domain Trust Discovery;Account Access Removal;Steal Application Access Token;Automated Collection;Non-Standard Port;System Service Discovery;Account Discovery;Remote System Discovery;Native API;Email Collection;Application Window Discovery;Cloud Service Dashboard;System Network Configuration Discovery;Use Alternate Authentication Material;Network Sniffing;Trusted Relationship;Modify Cloud Compute Infrastructure;Permission Groups Discovery;System Owner/User Discovery;Abuse Elevation Control Mechanism;Process Discovery;Data from Information Repositories
69,https://www.cisa.gov/news-events/cybersecurity-advisories/aa20-336a,244,158,103,67,58,9,45,0.865672,0.563107,0.682353,T1003;T1005;T1007;T1012;T1018;T1021;T1025;T1027;T1036;T1037;T1040;T1041;T1047;T1049;T1053;T1055;T1057;T1059;T1069;T1070;T1071;T1083;T1087;T1090;T1112;T1113;T1114;T1119;T1123;T1135;T1136;T1137;T1140;T1176;T1189;T1190;T1204;T1213;T1218;T1219;T1221;T1480;T1486;T1505;T1528;T1529;T1542;T1546;T1547;T1550;T1555;T1561;T1564;T1568;T1569;T1571;T1572;T1574,T1001;T1008;T1014;T1016;T1033;T1046;T1048;T1056;T1068;T1074;T1078;T1080;T1082;T1091;T1092;T1095;T1098;T1102;T1104;T1105;T1106;T1110;T1120;T1132;T1133;T1134;T1187;T1195;T1197;T1199;T1201;T1203;T1210;T1211;T1496;T1518;T1543;T1548;T1552;T1553;T1559;T1560;T1562;T1566;T1573,T1020;T1482;T1491;T1531;T1587;T1598;T1606;T1615;T1622,T1001;T1003;T1005;T1007;T1008;T1012;T1014;T1016;T1018;T1021;T1025;T1027;T1033;T1036;T1037;T1040;T1041;T1046;T1047;T1048;T1049;T1053;T1055;T1056;T1057;T1059;T1068;T1069;T1070;T1071;T1074;T1078;T1080;T1082;T1083;T1087;T1090;T1091;T1092;T1095;T1098;T1102;T1104;T1105;T1106;T1110;T1112;T1113;T1114;T1119;T1120;T1123;T1132;T1133;T1134;T1135;T1136;T1137;T1140;T1176;T1187;T1189;T1190;T1195;T1197;T1199;T1201;T1203;T1204;T1210;T1211;T1213;T1218;T1219;T1221;T1480;T1486;T1496;T1505;T1518;T1528;T1529;T1542;T1543;T1546;T1547;T1548;T1550;T1552;T1553;T1555;T1559;T1560;T1561;T1562;T1564;T1566;T1568;T1569;T1571;T1572;T1573;T1574,T1587;T1190;T1021;T1189;T1491;T1059;T1047;T1053;T1606;T1218;T1569;T1037;T1136;T1137;T1176;T1505;T1542;T1546;T1547;T1055;T1480;T1574;T1622;T1027;T1036;T1070;T1112;T1140;T1221;T1550;T1564;T1003;T1040;T1528;T1555;T1049;T1007;T1012;T1018;T1069;T1057;T1083;T1087;T1135;T1005;T1025;T1113;T1119;T1123;T1213;T1071;T1090;T1219;T1568;T1571;T1572;T1020;T1041;T1486;T1529;T1561;T1482;T1531;T1204;T1615;T1114;T1598,Develop Capabilities;Exploit Public-Facing Application;Remote Services;Drive-by Compromise;Defacement;Command and Scripting Interpreter;Windows Management Instrumentation;Scheduled Task/Job;Forge Web Credentials;System Binary Proxy Execution;System Services;Boot or Logon Initialization Scripts;Create Account;Office Application Startup;Browser Extensions;Server Software Component;Pre-OS Boot;Event Triggered Execution;Boot or Logon Autostart Execution;Process Injection;Execution Guardrails;Hijack Execution Flow;Debugger Evasion;Obfuscated Files or Information;Masquerading;Indicator Removal on Host;Modify Registry;Deobfuscate/Decode Files or Information;Template Injection;Use Alternate Authentication Material;Hide Artifacts;OS Credential Dumping;Network Sniffing;Steal Application Access Token;Credentials from Password Stores;System Network Connections Discovery;System Service Discovery;Query Registry;Remote System Discovery;Permission Groups Discovery;Process Discovery;File and Directory Discovery;Account Discovery;Network Share Discovery;Data from Local System;Data from Removable Media;Screen Capture;Automated Collection;Audio Capture;Data from Information Repositories;Application Layer Protocol;Proxy;Remote Access Software;Dynamic Resolution;Non-Standard Port;Protocol Tunneling;Automated Exfiltration;Exfiltration Over C2 Channel;Data Encrypted for Impact;System Shutdown/Reboot;Disk Wipe;Domain Trust Discovery;Account Access Removal;User Execution;Group Policy Discovery;Email Collection;Phishing for Information
70,https://www.cisa.gov/news-events/cybersecurity-advisories/aa20-302a,618,13,13,46,4,42,9,0.086957,0.307692,0.135593,T1016;T1036;T1059;T1083,T1047;T1055;T1057;T1106;T1134;T1486;T1489;T1490;T1562,T1008;T1012;T1018;T1020;T1027;T1029;T1041;T1049;T1053;T1069;T1070;T1071;T1074;T1082;T1087;T1105;T1119;T1124;T1129;T1136;T1140;T1204;T1213;T1482;T1498;T1518;T1528;T1531;T1534;T1547;T1553;T1565;T1568;T1571;T1573;T1583;T1587;T1588;T1591;T1597;T1598;T1612,T1016;T1036;T1047;T1055;T1057;T1059;T1083;T1106;T1134;T1486;T1489;T1490;T1562,T1587;T1565;T1119;T1020;T1071;T1573;T1140;T1036;T1074;T1083;T1129;T1082;T1070;T1053;T1105;T1059;T1583;T1016;T1008;T1553;T1087;T1041;T1518;T1027;T1029;T1012;T1204;T1534;T1598;T1547;T1568;T1588;T1018;T1531;T1498;T1213;T1528;T1571;T1136;T1612;T1069;T1591;T1049;T1482;T1124;T1597,Develop Capabilities;Data Manipulation;Automated Collection;Automated Exfiltration;Application Layer Protocol;Encrypted Channel;Deobfuscate/Decode Files or Information;Masquerading;Data Staged;File and Directory Discovery;Shared Modules;System Information Discovery;Indicator Removal on Host;Scheduled Task/Job;Ingress Tool Transfer;Command and Scripting Interpreter;Acquire Infrastructure;System Network Configuration Discovery;Fallback Channels;Subvert Trust Controls;Account Discovery;Exfiltration Over C2 Channel;Software Discovery;Obfuscated Files or Information;Scheduled Transfer;Query Registry;User Execution;Internal Spearphishing;Phishing for Information;Boot or Logon Autostart Execution;Dynamic Resolution;Obtain Capabilities;Remote System Discovery;Account Access Removal;Network Denial of Service;Data from Information Repositories;Steal Application Access Token;Non-Standard Port;Create Account;Build Image on Host;Permission Groups Discovery;Gather Victim Org Information;System Network Connections Discovery;Domain Trust Discovery;System Time Discovery;Search Closed Sources
71,https://www.cisa.gov/news-events/cybersecurity-advisories/aa20-301a,167,37,24,47,17,30,7,0.361702,0.708333,0.478873,T1003;T1021;T1055;T1056;T1059;T1074;T1082;T1083;T1218;T1219;T1505;T1546;T1547;T1548;T1562;T1566;T1573,T1040;T1070;T1114;T1185;T1189;T1550;T1560,T1005;T1007;T1020;T1027;T1036;T1048;T1049;T1057;T1090;T1102;T1105;T1112;T1119;T1137;T1140;T1176;T1187;T1204;T1207;T1543;T1553;T1555;T1565;T1569;T1583;T1585;T1587;T1591;T1598;T1622,T1003;T1021;T1040;T1055;T1056;T1059;T1070;T1074;T1082;T1083;T1114;T1185;T1189;T1218;T1219;T1505;T1546;T1547;T1548;T1550;T1560;T1562;T1566;T1573,T1587;T1565;T1020;T1204;T1119;T1591;T1583;T1598;T1027;T1566;T1059;T1218;T1547;T1082;T1176;T1102;T1543;T1007;T1569;T1021;T1546;T1137;T1505;T1548;T1055;T1140;T1207;T1622;T1562;T1112;T1056;T1036;T1090;T1555;T1003;T1057;T1187;T1049;T1083;T1005;T1105;T1219;T1048;T1585;T1573;T1074;T1553,Develop Capabilities;Data Manipulation;Automated Exfiltration;User Execution;Automated Collection;Gather Victim Org Information;Acquire Infrastructure;Phishing for Information;Obfuscated Files or Information;Phishing;Command and Scripting Interpreter;System Binary Proxy Execution;Boot or Logon Autostart Execution;System Information Discovery;Browser Extensions;Web Service;Create or Modify System Process;System Service Discovery;System Services;Remote Services;Event Triggered Execution;Office Application Startup;Server Software Component;Abuse Elevation Control Mechanism;Process Injection;Deobfuscate/Decode Files or Information;Rogue Domain Controller;Debugger Evasion;Impair Defenses;Modify Registry;Input Capture;Masquerading;Proxy;Credentials from Password Stores;OS Credential Dumping;Process Discovery;Forced Authentication;System Network Connections Discovery;File and Directory Discovery;Data from Local System;Ingress Tool Transfer;Remote Access Software;Exfiltration Over Alternative Protocol;Establish Accounts;Encrypted Channel;Data Staged;Subvert Trust Controls
72,https://www.cisa.gov/news-events/cybersecurity-advisories/aa20-296a,175,9,5,19,0,19,5,0.0,0.0,0.0,,T1078;T1110;T1133;T1189;T1190,T1003;T1021;T1049;T1087;T1102;T1134;T1136;T1213;T1480;T1482;T1498;T1528;T1531;T1550;T1553;T1569;T1583;T1587;T1614,T1078;T1110;T1133;T1189;T1190,T1587;T1213;T1531;T1482;T1550;T1583;T1021;T1569;T1614;T1049;T1498;T1480;T1003;T1087;T1134;T1136;T1528;T1102;T1553,Develop Capabilities;Data from Information Repositories;Account Access Removal;Domain Trust Discovery;Use Alternate Authentication Material;Acquire Infrastructure;Remote Services;System Services;System Location Discovery;System Network Connections Discovery;Network Denial of Service;Execution Guardrails;OS Credential Dumping;Account Discovery;Access Token Manipulation;Create Account;Steal Application Access Token;Web Service;Subvert Trust Controls
73,https://www.cisa.gov/news-events/cybersecurity-advisories/aa20-280a,96,30,25,14,5,9,20,0.357143,0.2,0.25641,T1021;T1027;T1114;T1204;T1571,T1003;T1040;T1041;T1047;T1053;T1055;T1057;T1059;T1071;T1078;T1087;T1110;T1210;T1543;T1547;T1552;T1555;T1560;T1566;T1573,T1119;T1213;T1480;T1482;T1498;T1531;T1534;T1587;T1615,T1003;T1021;T1027;T1040;T1041;T1047;T1053;T1055;T1057;T1059;T1071;T1078;T1087;T1110;T1114;T1204;T1210;T1543;T1547;T1552;T1555;T1560;T1566;T1571;T1573,T1587;T1119;T1571;T1021;T1027;T1114;T1204;T1534;T1480;T1615;T1213;T1482;T1531;T1498,Develop Capabilities;Automated Collection;Non-Standard Port;Remote Services;Obfuscated Files or Information;Email Collection;User Execution;Internal Spearphishing;Execution Guardrails;Group Policy Discovery;Data from Information Repositories;Domain Trust Discovery;Account Access Removal;Network Denial of Service
74,https://www.cisa.gov/news-events/cybersecurity-advisories/aa20-266a,71,14,12,11,3,8,9,0.272727,0.25,0.26087,T1204;T1546;T1555,T1016;T1027;T1033;T1041;T1055;T1056;T1071;T1082;T1564,T1036;T1059;T1119;T1205;T1480;T1498;T1531;T1587,T1016;T1027;T1033;T1041;T1055;T1056;T1071;T1082;T1204;T1546;T1555;T1564,T1587;T1119;T1555;T1546;T1204;T1036;T1205;T1480;T1531;T1498;T1059,Develop Capabilities;Automated Collection;Credentials from Password Stores;Event Triggered Execution;User Execution;Masquerading;Traffic Signaling;Execution Guardrails;Account Access Removal;Network Denial of Service;Command and Scripting Interpreter
75,https://www.cisa.gov/news-events/cybersecurity-advisories/aa20-227a,55,26,24,12,4,8,20,0.333333,0.166667,0.222222,T1059;T1070;T1140;T1566,T1016;T1033;T1036;T1048;T1056;T1057;T1071;T1082;T1083;T1105;T1112;T1113;T1115;T1132;T1134;T1218;T1546;T1547;T1548;T1555,T1027;T1102;T1204;T1205;T1480;T1498;T1531;T1587,T1016;T1033;T1036;T1048;T1056;T1057;T1059;T1070;T1071;T1082;T1083;T1105;T1112;T1113;T1115;T1132;T1134;T1140;T1218;T1546;T1547;T1548;T1555;T1566,T1587;T1566;T1059;T1140;T1027;T1070;T1205;T1102;T1480;T1531;T1204;T1498,Develop Capabilities;Phishing;Command and Scripting Interpreter;Deobfuscate/Decode Files or Information;Obfuscated Files or Information;Indicator Removal on Host;Traffic Signaling;Web Service;Execution Guardrails;Account Access Removal;User Execution;Network Denial of Service
76,https://www.cisa.gov/news-events/cybersecurity-advisories/aa20-183a,112,22,6,14,4,10,2,0.285714,0.666667,0.4,T1071;T1090;T1486;T1498,T1190;T1499,T1016;T1049;T1069;T1205;T1213;T1565;T1571;T1573;T1587;T1595,T1071;T1090;T1190;T1486;T1498;T1499,T1587;T1090;T1069;T1573;T1049;T1595;T1016;T1571;T1486;T1071;T1498;T1565;T1205;T1213,Develop Capabilities;Proxy;Permission Groups Discovery;Encrypted Channel;System Network Connections Discovery;Active Scanning;System Network Configuration Discovery;Non-Standard Port;Data Encrypted for Impact;Application Layer Protocol;Network Denial of Service;Data Manipulation;Traffic Signaling;Data from Information Repositories
