category,advisory,url,trigger_sentence,predicted_technique_id,predicted_technique_name,confidence,support_sentence_count,correct_technique,correct_technique_in_ground_truth,correct_technique_missed_fn,fp_advisory_count,explanation
1. Boilerplate / câu nói về chính advisory,AA24-060A,https://www.cisa.gov/news-events/cybersecurity-advisories/aa24-060a,"For assistance with mapping malicious cyber activity to the MITRE ATT&CK framework, see CISA and MITRE ATT&CK’s Best Practices for MITRE ATT&CK Mapping and CISA’s Decider Tool.",T1587,Develop Capabilities,0.996,8,,,,69,"Câu mẫu CISA chèn vào gần như mọi advisory, không mô tả hành vi tấn công; T1587 bị báo thừa hàng loạt."
1. Boilerplate / câu nói về chính advisory,AA24-057A,https://www.cisa.gov/news-events/cybersecurity-advisories/aa24-057a,This advisory provides an overview of TTPs deployed by the actor to gain initial access into the cloud environment and includes advice to detect and mitigate this activity.,T1535,Unused/Unsupported Cloud Regions,0.998,3,,,,5,Câu giới thiệu nội dung advisory; model bám vào chữ 'cloud' và gán một technique về cloud.
2. Câu khuyến nghị (mitigation),AA23-352A,https://www.cisa.gov/news-events/cybersecurity-advisories/aa23-352a,"Enable multifactor authentication (MFA) for all services to the extent possible, particularly for webmail, VPN, and accounts that access critical systems.",T1531,Account Access Removal,0.996,1,,,,27,Khuyến nghị bật MFA của bên phòng thủ; cùng câu này gây FP T1531 ở nhiều advisory khác.
2. Câu khuyến nghị (mitigation),AA23-335A,https://www.cisa.gov/news-events/cybersecurity-advisories/aa23-335a,Implement multifactor authentication.,T1531,Account Access Removal,0.970,2,,,,27,Khuyến nghị ngắn; advisory này chỉ có 1 nhãn kỳ vọng nhưng vẫn bị gán thêm technique.
2. Câu khuyến nghị (mitigation),AA23-353A,https://www.cisa.gov/news-events/cybersecurity-advisories/aa23-353a,Prioritize remediation of known exploited vulnerabilities.,T1482,Domain Trust Discovery,0.989,1,,,,13,"Khuyến nghị vá lỗ hổng, không liên quan Domain Trust Discovery."
2. Câu khuyến nghị (mitigation),AA23-284A,https://www.cisa.gov/news-events/cybersecurity-advisories/aa23-284a,Restricting RDP and other remote desktop services,T1491,Defacement,0.988,1,,,,10,Khuyến nghị hạn chế RDP bị gán thành Defacement.
3. Câu giả định / lo ngại,AA24-038A,https://www.cisa.gov/news-events/cybersecurity-advisories/aa24-038a,The U.S. authoring agencies are concerned about the potential for these actors to use their network access for disruptive effects in the event of potential geopolitical tensions and/or military conflicts.,T1565,Data Manipulation,0.955,1,,,,22,"Cơ quan bày tỏ lo ngại về khả năng có thể xảy ra, không phải hành vi đã quan sát."
3. Câu giả định / lo ngại,AA21-287A,https://www.cisa.gov/news-events/cybersecurity-advisories/aa21-287a,"If the RDP is used for process control equipment, the attacker could also compromise WWS operations.",T1021,Remote Services,0.999,3,,,,10,Câu điều kiện 'nếu RDP được dùng… kẻ tấn công có thể'; model không phân biệt khả năng với hành vi thật.
4. Hành vi thật nhưng sai technique,AA24-060A,https://www.cisa.gov/news-events/cybersecurity-advisories/aa24-060a,"After the exfiltration phase, Phobos actors then hunt for backups.",T1020,Automated Exfiltration,0.998,3,T1490 Inhibit System Recovery,T1490 Inhibit System Recovery,T1490 Inhibit System Recovery,27,Câu nói về săn bản sao lưu (gần T1490) nhưng model bám chữ 'exfiltration'. Một câu sinh cả FP lẫn FN.
4. Hành vi thật nhưng sai technique,AA24-057A,https://www.cisa.gov/news-events/cybersecurity-advisories/aa24-057a,"SVR actors have also then bypassed MFA through a technique known as “MFA bombing” or “MFA fatigue,” in which the actors repeatedly push MFA requests to a victim’s device until the victim accepts the notification,.",T1550,Use Alternate Authentication Material,0.952,2,T1621 Multi-Factor Authentication Request Generation,T1621 Multi-Factor Authentication Request Generation,T1621 Multi-Factor Authentication Request Generation,7,MFA bombing / MFA fatigue đúng ra là T1621; model nhầm sang kỹ thuật xác thực gần nghĩa.
4. Hành vi thật nhưng sai technique,AA24-038A,https://www.cisa.gov/news-events/cybersecurity-advisories/aa24-038a,"Volt Typhoon actors have been observed using commercial tools, LOTL utilities, and appliances already present on the system for system information, network service, group, and user, discovery.",T1018,Remote System Discovery,0.995,3,T1082 System Information Discovery; T1046 Network Service Discovery; T1069 Permission Groups Discovery; T1087 Account Discovery,T1082 System Information Discovery; T1046 Network Service Discovery; T1069 Permission Groups Discovery; T1087 Account Discovery,T1082 System Information Discovery; T1046 Network Service Discovery,4,"Một câu liệt kê 4 kiểu discovery nhưng chỉ được 1 nhãn (single-label), lại chọn sai T1018."
5. Model đúng nhưng đáp án CISA thiếu nhãn,AA23-075A,https://www.cisa.gov/news-events/cybersecurity-advisories/aa23-075a,"Use of PowerShell and Batch scripts are observed across most intrusions, which focus on system discovery, reconnaissance, password/credential hunting, and privilege escalation.",T1059,Command and Scripting Interpreter,1.000,3,,,,6,"PowerShell/Batch là đúng T1059 nhưng nhãn CISA của bài không có, nên bị tính FP (nhiễu nhãn)."
5. Model đúng nhưng đáp án CISA thiếu nhãn,AA20-301A,https://www.cisa.gov/news-events/cybersecurity-advisories/aa20-301a,The Python program downloads various implants based on C2 options specified after the file name (see figure 4).,T1105,Ingress Tool Transfer,0.999,1,,,,3,Tải implant từ C2 là đúng T1105 nhưng không có trong nhãn CISA (nhiễu nhãn).
5. Model đúng nhưng đáp án CISA thiếu nhãn,AA23-284A,https://www.cisa.gov/news-events/cybersecurity-advisories/aa23-284a,"Lazagne and Mimikatz for harvesting credentials,.",T1003,OS Credential Dumping,0.976,1,,,,4,Mimikatz là công cụ OS Credential Dumping điển hình; nhãn CISA của bài không có T1003.
